product_name,brand,price,wifi_version,net_port,comment_star,user_comment,collect_time
登录,null,96.97,WiFi6,null,4,保持登录状态 保持后即可直接访问，如需关闭，可在账号管理页设置 取消 （8秒后自动选择） 保持,2026-06-08 17:17:27
登录,null,96.97,WiFi6,null,4,保持后即可直接访问，如需关闭，可在账号管理页设置,2026-06-08 17:17:27
登录,null,96.97,WiFi6,null,4,保持登录状态 保持后即可直接访问，如需关闭，可在账号管理页设置 取消 （7秒后自动选择） 保持,2026-06-08 17:17:27
登录,null,96.97,WiFi6,null,4,保持登录状态 保持后即可直接访问，如需关闭，可在账号管理页设置 取消 （5秒后自动选择） 保持,2026-06-08 17:17:27
登录,null,96.97,WiFi6,null,4,WiFi 6路由器 好评榜·第5名,2026-06-08 17:17:27
登录,null,96.97,WiFi6,null,4,【发顺丰泰山AX3000Ultra】26新品旗舰爆款 * 升级WiFi6+ 店长主推 【发顺丰泰山AX3000Ultra 】两年质保 * 升级WiFi6+ 万人加购 【云霄AX12LPro发普快】 * 三千兆五天线升级WiFi6+ 【AX2LPro发普快】 * 1500兆5天线WiFi6,2026-06-08 17:17:27
登录,null,96.97,WiFi6,null,5,匿名买家 2026-05-18已购：标准配置 / 【发顺丰泰山AX3000Ultra 】两年质保 * 升级WiFi6+ 感觉非常满意，最近家里换宽带了。发现网速还是比较慢而且延迟高。就打算换一个新的路由器。这款腾达的路由器确实不错。直接把我家装的（千兆）网速给拉满了。图2是以前WiFi的。图3是新换腾达后的网速和延迟。嘎嘎好👍,2026-06-08 17:17:27
登录,null,96.97,WiFi6,null,4,呱呱- 2026-06-03已购：标准配置 / 【云霄AX12LPro发普快】 * 三千兆五天线升级WiFi6+ 路由器收到了，拆开看到本体挺精致的，可以跑满家路的宽带，买了两台组mesh，信号覆盖挺广，618活动力度很大，性价比非常高,2026-06-08 17:17:27
登录,null,96.97,WiFi6,null,5,感觉非常满意，最近家里换宽带了。发现网速还是比较慢而且延迟高。就打算换一个新的路由器。这款腾达的路由器确实不错。直接把我家装的（千兆）网速给拉满了。图2是以前WiFi的。图3是新换腾达后的网速和延迟。嘎嘎好👍,2026-06-08 17:17:27
登录,null,96.97,WiFi6,null,4,路由器收到了，拆开看到本体挺精致的，可以跑满家路的宽带，买了两台组mesh，信号覆盖挺广，618活动力度很大，性价比非常高,2026-06-08 17:17:27
ZTE中兴AX3000M巡天版wifi6无线电竞路由器千兆端口双频家用全屋大中华户高速光纤穿墙为游戏智能子母mesh5G,中兴,139.77,WiFi6,全千兆网口,4,好动的卡罗下晴 2026-05-28已购：标准配置 / AX3000巡天版【超千兆满血Wifi6丨穿墙王丨网易UU加速】 买来收货就用，穿墙信号很稳，客厅卧室都行。路由器特别好，家里一个就够用了👍,2026-06-08 17:18:15
ZTE中兴AX3000M巡天版wifi6无线电竞路由器千兆端口双频家用全屋大中华户高速光纤穿墙为游戏智能子母mesh5G,中兴,139.77,WiFi6,全千兆网口,4,好**晴 2026年5月28日已购：标准配置 / AX3000巡天版【超千兆满血Wifi6丨穿墙王丨网易UU加速】 0 0 买来收货就用，穿墙信号很稳，客厅卧室都行。路由器特别好，家里一个就够用了👍,2026-06-08 17:18:15
ZTE中兴AX3000M巡天版wifi6无线电竞路由器千兆端口双频家用全屋大中华户高速光纤穿墙为游戏智能子母mesh5G,中兴,139.77,WiFi6,全千兆网口,5,甜**酱 2026年5月8日已购：标准配置 / AX3000巡天版【超千兆满血Wifi6丨穿墙王丨网易UU加速】 0 2 质量不错 收到就安装了 比之前四根天线的网速快多了 整体很满意,2026-06-08 17:18:15
ZTE中兴AX3000M巡天版wifi6无线电竞路由器千兆端口双频家用全屋大中华户高速光纤穿墙为游戏智能子母mesh5G,中兴,139.77,WiFi6,全千兆网口,4,欧**石 2026年5月7日已购：标准配置 / AX3000巡天版【超千兆满血Wifi6丨穿墙王丨网易UU加速】 0 0 中兴路由器，网络无线连接质量很好，手机设置很简单，支持国产路由器！,2026-06-08 17:18:15
ZTE中兴AX3000M巡天版wifi6无线电竞路由器千兆端口双频家用全屋大中华户高速光纤穿墙为游戏智能子母mesh5G,中兴,139.77,WiFi6,全千兆网口,4,清*** 2026年5月27日已购：标准配置 / AX3000巡天版【超千兆满血Wifi6丨穿墙王丨网易UU加速】 0 0 质量很好，信号增强了很多，性价比高，实用，价格实惠，推荐购买,2026-06-08 17:18:15
ZTE中兴AX3000M巡天版wifi6无线电竞路由器千兆端口双频家用全屋大中华户高速光纤穿墙为游戏智能子母mesh5G,中兴,139.77,WiFi6,全千兆网口,5,和**1 2026年5月13日已购：标准配置 / AX3000巡天版【超千兆满血Wifi6丨穿墙王丨网易UU加速】 0 0 这款路由器真不错！Wi-Fi 6速度快，性能稳定，拿回家试用了两天，链接流畅，穿墙能力强，自研芯片稳定，多设备不卡，百元价位性价比拉满，家用很合适，好评！,2026-06-08 17:18:15
ZTE中兴AX3000M巡天版wifi6无线电竞路由器千兆端口双频家用全屋大中华户高速光纤穿墙为游戏智能子母mesh5G,中兴,139.77,WiFi6,全千兆网口,5,海*** 2026年6月2日已购：标准配置 / AX3000巡天版【超千兆满血Wifi6丨穿墙王丨网易UU加速】 0 0 网速比之前的的老路由器快了好多 之前打游戏都要开流量 现在有了这个连着网就可以了 第一次买这个品牌 比其他的同价格路由器好用的好多 买来收货挺惊喜，穿墙效果真强，信号覆盖全屋,2026-06-08 17:18:15
ZTE中兴AX3000M巡天版wifi6无线电竞路由器千兆端口双频家用全屋大中华户高速光纤穿墙为游戏智能子母mesh5G,中兴,139.77,WiFi6,全千兆网口,4,大**！ 2026年5月31日已购：标准配置 / AX3000巡天版【超千兆满血Wifi6丨穿墙王丨网易UU加速】 0 0 中兴这款路由器也太惊喜了！到手拆开质感超棒，安装简单插上就用，信号比之前的老款稳太多，全屋每个角落都满格，打游戏也不卡了，性价比直接拉满！,2026-06-08 17:18:15
ZTE中兴AX3000M巡天版wifi6无线电竞路由器千兆端口双频家用全屋大中华户高速光纤穿墙为游戏智能子母mesh5G,中兴,139.77,WiFi6,全千兆网口,5,用**4 2026年5月22日已购：标准配置 / AX3000巡天版【超千兆满血Wifi6丨穿墙王丨网易UU加速】 0 0 之前家里的路由器网速很慢，后来宽带师傅推荐这款中信路由器买回来装上了网速超级快，打游戏也不卡顿，进房间也不用切换网络了，没想到这款路由器这么好用，推荐大家购买,2026-06-08 17:18:15
ZTE中兴AX3000M巡天版wifi6无线电竞路由器千兆端口双频家用全屋大中华户高速光纤穿墙为游戏智能子母mesh5G,中兴,139.77,WiFi6,全千兆网口,5,莎**捏 2026年6月1日已购：标准配置 / AX3000巡天版【超千兆满血Wifi6丨穿墙王丨网易UU加速】 0 0 包装简约环保，安装后网络稳定，波动比之前少很多，信号也强很多！,2026-06-08 17:18:15
ZTE中兴AX3000M巡天版wifi6无线电竞路由器千兆端口双频家用全屋大中华户高速光纤穿墙为游戏智能子母mesh5G,中兴,139.77,WiFi6,全千兆网口,1,是**呀 2026年5月31日已购：标准配置 / AX3000巡天版【超千兆满血Wifi6丨穿墙王丨网易UU加速】 0 0 买来用着很稳，连网不掉线。家里旧的路由只有100的，严重限制了上网速度，对比了几天选择了 AX3000M巡天版wifi6无线路由器，上网速度杠杠的，而且在房间也是基本满信号，穿窗性能可以，性价比很高，还赠送千兆网线。,2026-06-08 17:18:15
ZTE中兴AX3000M巡天版wifi6无线电竞路由器千兆端口双频家用全屋大中华户高速光纤穿墙为游戏智能子母mesh5G,中兴,139.77,WiFi6,全千兆网口,4,心**6 2026年5月31日已购：标准配置 / AX3000巡天版【超千兆满血Wifi6丨穿墙王丨网易UU加速】 0 0 整体评价：好 外观材质：好 覆盖区域：好 传输效果：好 连接速度：好,2026-06-08 17:18:15
ZTE中兴AX3000M巡天版wifi6无线电竞路由器千兆端口双频家用全屋大中华户高速光纤穿墙为游戏智能子母mesh5G,中兴,139.77,WiFi6,全千兆网口,4,买来收货就用，穿墙信号很稳，客厅卧室都行。路由器特别好，家里一个就够用了👍,2026-06-08 17:18:15
ZTE中兴AX3000M巡天版wifi6无线电竞路由器千兆端口双频家用全屋大中华户高速光纤穿墙为游戏智能子母mesh5G,中兴,139.77,WiFi6,全千兆网口,5,AX3000巡天版【超千兆满血Wifi6丨穿墙王丨网易UU加速】 店长主推 全屋组网套餐[巡天*2]【一键组网丨全屋超速网络丨信号稳定不断流】,2026-06-08 17:18:15
ZTE中兴AX3000M巡天版wifi6无线电竞路由器千兆端口双频家用全屋大中华户高速光纤穿墙为游戏智能子母mesh5G,中兴,139.77,WiFi6,全千兆网口,5,质量不错 收到就安装了 比之前四根天线的网速快多了 整体很满意,2026-06-08 17:18:15
ZTE中兴AX3000M巡天版wifi6无线电竞路由器千兆端口双频家用全屋大中华户高速光纤穿墙为游戏智能子母mesh5G,中兴,139.77,WiFi6,全千兆网口,4,中兴路由器，网络无线连接质量很好，手机设置很简单，支持国产路由器！,2026-06-08 17:18:15
ZTE中兴AX3000M巡天版wifi6无线电竞路由器千兆端口双频家用全屋大中华户高速光纤穿墙为游戏智能子母mesh5G,中兴,139.77,WiFi6,全千兆网口,4,质量很好，信号增强了很多，性价比高，实用，价格实惠，推荐购买,2026-06-08 17:18:15
ZTE中兴AX3000M巡天版wifi6无线电竞路由器千兆端口双频家用全屋大中华户高速光纤穿墙为游戏智能子母mesh5G,中兴,139.77,WiFi6,全千兆网口,5,这款路由器真不错！Wi-Fi 6速度快，性能稳定，拿回家试用了两天，链接流畅，穿墙能力强，自研芯片稳定，多设备不卡，百元价位性价比拉满，家用很合适，好评！,2026-06-08 17:18:15
ZTE中兴AX3000M巡天版wifi6无线电竞路由器千兆端口双频家用全屋大中华户高速光纤穿墙为游戏智能子母mesh5G,中兴,139.77,WiFi6,全千兆网口,5,网速比之前的的老路由器快了好多 之前打游戏都要开流量 现在有了这个连着网就可以了 第一次买这个品牌 比其他的同价格路由器好用的好多 买来收货挺惊喜，穿墙效果真强，信号覆盖全屋,2026-06-08 17:18:15
ZTE中兴AX3000M巡天版wifi6无线电竞路由器千兆端口双频家用全屋大中华户高速光纤穿墙为游戏智能子母mesh5G,中兴,139.77,WiFi6,全千兆网口,4,中兴这款路由器也太惊喜了！到手拆开质感超棒，安装简单插上就用，信号比之前的老款稳太多，全屋每个角落都满格，打游戏也不卡了，性价比直接拉满！,2026-06-08 17:18:15
ZTE中兴AX3000M巡天版wifi6无线电竞路由器千兆端口双频家用全屋大中华户高速光纤穿墙为游戏智能子母mesh5G,中兴,139.77,WiFi6,全千兆网口,5,之前家里的路由器网速很慢，后来宽带师傅推荐这款中信路由器买回来装上了网速超级快，打游戏也不卡顿，进房间也不用切换网络了，没想到这款路由器这么好用，推荐大家购买,2026-06-08 17:18:15
ZTE中兴AX3000M巡天版wifi6无线电竞路由器千兆端口双频家用全屋大中华户高速光纤穿墙为游戏智能子母mesh5G,中兴,139.77,WiFi6,全千兆网口,5,发货超级快，下单一个小时就发货了，这点真的非常棒。包装也很严实，两个盒子叠着，防震。到货后立马预约了宽带师傅上门安装，很顺利就装好了，效果也非常棒。而且还可以用国补，补贴下来甚至比我上次买的另一个大牌子便宜，感觉很不错。希望之后也能一直这么顺利使用下去。,2026-06-08 17:18:15
ZTE中兴AX3000M巡天版wifi6无线电竞路由器千兆端口双频家用全屋大中华户高速光纤穿墙为游戏智能子母mesh5G,中兴,139.77,WiFi6,全千兆网口,4,这款ZTE中兴AX3000M路由器，外观简约大气，白色的机身放在家里任何角落都百搭。信号覆盖范围广，家里的每个房间都能享受到流畅的网络体验。网速飞快，追剧、打游戏再也不用担心卡顿。而且设置简单，插上电源，连上网线，几分钟就搞定了。真的是家庭网络的得力助手，强烈推荐！,2026-06-08 17:18:15
ZTE中兴AX3000M巡天版wifi6无线电竞路由器千兆端口双频家用全屋大中华户高速光纤穿墙为游戏智能子母mesh5G,中兴,139.77,WiFi6,全千兆网口,5,包装简约环保，安装后网络稳定，波动比之前少很多，信号也强很多！,2026-06-08 17:18:15
ZTE中兴AX3000M巡天版wifi6无线电竞路由器千兆端口双频家用全屋大中华户高速光纤穿墙为游戏智能子母mesh5G,中兴,139.77,WiFi6,全千兆网口,1,买来用着很稳，连网不掉线。家里旧的路由只有100的，严重限制了上网速度，对比了几天选择了 AX3000M巡天版wifi6无线路由器，上网速度杠杠的，而且在房间也是基本满信号，穿窗性能可以，性价比很高，还赠送千兆网线。,2026-06-08 17:18:15
ZTE中兴AX3000M巡天版wifi6无线电竞路由器千兆端口双频家用全屋大中华户高速光纤穿墙为游戏智能子母mesh5G,中兴,139.77,WiFi6,全千兆网口,4,整体评价：好 外观材质：好 覆盖区域：好 传输效果：好 连接速度：好,2026-06-08 17:18:15
ZTE中兴AX3000M巡天版wifi6无线电竞路由器千兆端口双频家用全屋大中华户高速光纤穿墙为游戏智能子母mesh5G,中兴,139.77,WiFi6,全千兆网口,1,很满意！以前用的TP普联路由器！价格和这个差不多！但是TP的太假了！看网上拆机的图片连wifi芯片都不是独立的！使用起来网络卡经常网速0但又不是掉线！而且需要经常重启不然就卡！想想市面上光猫多半都是中兴的那买路由器也买中兴不是更好吗？这个产品散热片虽然缩水比初代的小了点！但网上拆机图片看来做工用料还是很实在的！软件系统设置很好用！真的很喜欢,2026-06-08 17:18:15
ZTE中兴AX3000M巡天版wifi6无线电竞路由器千兆端口双频家用全屋大中华户高速光纤穿墙为游戏智能子母mesh5G,中兴,139.77,WiFi6,全千兆网口,1,爱**使 2026年5月30日已购：标准配置 / 全屋组网套餐[巡天*2]【一键组网丨全屋超速网络丨信号稳定不断流】 0 0 外观简约颜值高，穿墙能力出色，运行安静不掉线，家用体验特别好。,2026-06-08 17:18:15
ZTE中兴AX3000M巡天版wifi6无线电竞路由器千兆端口双频家用全屋大中华户高速光纤穿墙为游戏智能子母mesh5G,中兴,139.77,WiFi6,全千兆网口,1,文**告 2026年5月28日已购：标准配置 / AX3000巡天版【超千兆满血Wifi6丨穿墙王丨网易UU加速】 0 0 路由器用着很稳定，连着不掉线，挺安心的。以前买的小米路由器经常掉线，网络延迟，刚用一年就坏了，问了电信的师傅推荐说中兴路由器跟电信网络兼容性好一些所以买了一个中兴路由器结果真好用，犹豫的小伙伴可以考虑一下中兴路由器，,2026-06-08 17:18:15
ZTE中兴AX3000M巡天版wifi6无线电竞路由器千兆端口双频家用全屋大中华户高速光纤穿墙为游戏智能子母mesh5G,中兴,139.77,WiFi6,全千兆网口,5,败**仔 2026年5月27日已购：标准配置 / AX3000巡天版【超千兆满血Wifi6丨穿墙王丨网易UU加速】 0 0 信号可以，三房一厅都可以覆盖，咨询了专业人士推荐的，很适合,2026-06-08 17:18:15
ZTE中兴AX3000M巡天版wifi6无线电竞路由器千兆端口双频家用全屋大中华户高速光纤穿墙为游戏智能子母mesh5G,中兴,139.77,WiFi6,全千兆网口,5,喜**安 2026年5月26日已购：标准配置 / AX3000巡天版【超千兆满血Wifi6丨穿墙王丨网易UU加速】 0 0 我家的网络一直很慢很慢，电信人员来了，要我买一个新的路由器，我小孩给我选择了中信，今天安装上去了哇，效果太好了，网速飙升电信人员跟我说我买的这一款它是有跟踪功能随着人的使用它的这个WiFi会推向哪一边太神奇了。,2026-06-08 17:18:15
ZTE中兴AX3000M巡天版wifi6无线电竞路由器千兆端口双频家用全屋大中华户高速光纤穿墙为游戏智能子母mesh5G,中兴,139.77,WiFi6,全千兆网口,5,"紫**l 2026年5月22日已购：标准配置 / AX3000巡天版【超千兆满血Wifi6丨穿墙王丨网易UU加速】 0 0 很好用，一次性买了两台,优惠力度大，喜欢，网络也稳定",2026-06-08 17:18:15
ZTE中兴AX3000M巡天版wifi6无线电竞路由器千兆端口双频家用全屋大中华户高速光纤穿墙为游戏智能子母mesh5G,中兴,139.77,WiFi6,全千兆网口,5,匿名买家 2026年5月21日已购：标准配置 / AX3000巡天版【超千兆满血Wifi6丨穿墙王丨网易UU加速】 0 0 中兴AX3000路由器太棒啦！外观简约时尚，摆在家里很搭。信号覆盖超广，穿墙能力一流，各个房间信号都满格。网速飞快，设备同时连接也不卡顿，看高清视频、玩游戏超流畅。而且设置简单易懂，轻松上手，真是家庭网络好帮手，必须好评！,2026-06-08 17:18:15
ZTE中兴AX3000M巡天版wifi6无线电竞路由器千兆端口双频家用全屋大中华户高速光纤穿墙为游戏智能子母mesh5G,中兴,139.77,WiFi6,全千兆网口,5,匿名买家 2026年4月16日已购：标准配置 / AX3000巡天版【超千兆满血Wifi6丨穿墙王丨网易UU加速】 0 1 这个尺寸正正好能塞进弱电箱，信号也非常稳定，覆盖面广，不愧是大品牌，有需要还会再来购买。,2026-06-08 17:18:15
ZTE中兴AX3000M巡天版wifi6无线电竞路由器千兆端口双频家用全屋大中华户高速光纤穿墙为游戏智能子母mesh5G,中兴,139.77,WiFi6,全千兆网口,5,匿名买家 2026年5月17日已购：标准配置 / AX3000巡天版【超千兆满血Wifi6丨穿墙王丨网易UU加速】 0 0 收到货的时候，包装严实无缺损。外观时尚大气。 安装过程也非常简单，插好网线，设置好密码就可以。 忘记改名称了 覆盖区域：信号非常好,2026-06-08 17:18:15
ZTE中兴AX3000M巡天版wifi6无线电竞路由器千兆端口双频家用全屋大中华户高速光纤穿墙为游戏智能子母mesh5G,中兴,139.77,WiFi6,全千兆网口,5,普**达 2026年5月2日已购：标准配置 / AX3000巡天版【超千兆满血Wifi6丨穿墙王丨网易UU加速】 0 0 收到货了，包装完好无损，使用过程中性能很稳定。穿墙效果也好，很满意质量可靠有保证正品正品,2026-06-08 17:18:15
ZTE中兴AX3000M巡天版wifi6无线电竞路由器千兆端口双频家用全屋大中华户高速光纤穿墙为游戏智能子母mesh5G,中兴,139.77,WiFi6,全千兆网口,5,米*** 2026年5月14日已购：标准配置 / AX3000巡天版【超千兆满血Wifi6丨穿墙王丨网易UU加速】 0 0 买了中兴和华为对比，最后还是留下中兴，中兴远距离效果会更好点。,2026-06-08 17:18:15
ZTE中兴AX3000M巡天版wifi6无线电竞路由器千兆端口双频家用全屋大中华户高速光纤穿墙为游戏智能子母mesh5G,中兴,139.77,WiFi6,全千兆网口,5,匿名买家 2026年4月30日已购：标准配置 / 全屋组网套餐[巡天*2]【一键组网丨全屋超速网络丨信号稳定不断流】 0 0 非常好的一款主流路由器，外观好看，覆盖也 很大，放二楼去邻居家也能上网，扛扛的。上网 传输也挺快的。一回到家只要一打开手机立马 连接上。,2026-06-08 17:18:15
ZTE中兴AX3000M巡天版wifi6无线电竞路由器千兆端口双频家用全屋大中华户高速光纤穿墙为游戏智能子母mesh5G,中兴,139.77,WiFi6,全千兆网口,5,h**h 2026年5月10日已购：标准配置 / AX3000巡天版【超千兆满血Wifi6丨穿墙王丨网易UU加速】 0 0 物美价廉值得购买，网速非常快能够排满一千。连接方便,2026-06-08 17:18:15
ZTE中兴AX3000M巡天版wifi6无线电竞路由器千兆端口双频家用全屋大中华户高速光纤穿墙为游戏智能子母mesh5G,中兴,139.77,WiFi6,全千兆网口,5,匿名买家 2026年6月3日已购：标准配置 / AX3000巡天版【超千兆满血Wifi6丨穿墙王丨网易UU加速】 0 0 包装还是不错的，送到后快递盒也是比较完整的，打开后路由器就在里面，还有电源线和网线。用起来也不错没什么问题。,2026-06-08 17:18:15
ZTE中兴AX3000M巡天版wifi6无线电竞路由器千兆端口双频家用全屋大中华户高速光纤穿墙为游戏智能子母mesh5G,中兴,139.77,WiFi6,全千兆网口,1,外观简约颜值高，穿墙能力出色，运行安静不掉线，家用体验特别好。,2026-06-08 17:18:15
ZTE中兴AX3000M巡天版wifi6无线电竞路由器千兆端口双频家用全屋大中华户高速光纤穿墙为游戏智能子母mesh5G,中兴,139.77,WiFi6,全千兆网口,1,路由器用着很稳定，连着不掉线，挺安心的。以前买的小米路由器经常掉线，网络延迟，刚用一年就坏了，问了电信的师傅推荐说中兴路由器跟电信网络兼容性好一些所以买了一个中兴路由器结果真好用，犹豫的小伙伴可以考虑一下中兴路由器，,2026-06-08 17:18:15
ZTE中兴AX3000M巡天版wifi6无线电竞路由器千兆端口双频家用全屋大中华户高速光纤穿墙为游戏智能子母mesh5G,中兴,139.77,WiFi6,全千兆网口,5,信号可以，三房一厅都可以覆盖，咨询了专业人士推荐的，很适合,2026-06-08 17:18:15
ZTE中兴AX3000M巡天版wifi6无线电竞路由器千兆端口双频家用全屋大中华户高速光纤穿墙为游戏智能子母mesh5G,中兴,139.77,WiFi6,全千兆网口,5,我家的网络一直很慢很慢，电信人员来了，要我买一个新的路由器，我小孩给我选择了中信，今天安装上去了哇，效果太好了，网速飙升电信人员跟我说我买的这一款它是有跟踪功能随着人的使用它的这个WiFi会推向哪一边太神奇了。,2026-06-08 17:18:15
ZTE中兴AX3000M巡天版wifi6无线电竞路由器千兆端口双频家用全屋大中华户高速光纤穿墙为游戏智能子母mesh5G,中兴,139.77,WiFi6,全千兆网口,5,✨网速快到起飞!连上这个WiFi刷4K视频秒加载，打排位全程低延迟不卡顿，再也不用卡成PPT干着急👍🏻信号覆盖超给力，卫生间、阳台角落都满格，连五六台设备同时用也不挤，稳得一批～安装简单，设置也不麻烦，颜值还高放哪里都不突兀，这WiFi体验真的绝了，完全超出预期，必须给五星好评👏🏻,2026-06-08 17:18:16
ZTE中兴AX3000M巡天版wifi6无线电竞路由器千兆端口双频家用全屋大中华户高速光纤穿墙为游戏智能子母mesh5G,中兴,139.77,WiFi6,全千兆网口,5,"很好用，一次性买了两台,优惠力度大，喜欢，网络也稳定",2026-06-08 17:18:16
ZTE中兴AX3000M巡天版wifi6无线电竞路由器千兆端口双频家用全屋大中华户高速光纤穿墙为游戏智能子母mesh5G,中兴,139.77,WiFi6,全千兆网口,5,中兴AX3000路由器太棒啦！外观简约时尚，摆在家里很搭。信号覆盖超广，穿墙能力一流，各个房间信号都满格。网速飞快，设备同时连接也不卡顿，看高清视频、玩游戏超流畅。而且设置简单易懂，轻松上手，真是家庭网络好帮手，必须好评！,2026-06-08 17:18:16
ZTE中兴AX3000M巡天版wifi6无线电竞路由器千兆端口双频家用全屋大中华户高速光纤穿墙为游戏智能子母mesh5G,中兴,139.77,WiFi6,全千兆网口,5,这个尺寸正正好能塞进弱电箱，信号也非常稳定，覆盖面广，不愧是大品牌，有需要还会再来购买。,2026-06-08 17:18:16
ZTE中兴AX3000M巡天版wifi6无线电竞路由器千兆端口双频家用全屋大中华户高速光纤穿墙为游戏智能子母mesh5G,中兴,139.77,WiFi6,全千兆网口,5,收到货的时候，包装严实无缺损。外观时尚大气。 安装过程也非常简单，插好网线，设置好密码就可以。 忘记改名称了 覆盖区域：信号非常好,2026-06-08 17:18:16
ZTE中兴AX3000M巡天版wifi6无线电竞路由器千兆端口双频家用全屋大中华户高速光纤穿墙为游戏智能子母mesh5G,中兴,139.77,WiFi6,全千兆网口,5,收到货了，包装完好无损，使用过程中性能很稳定。穿墙效果也好，很满意质量可靠有保证正品正品,2026-06-08 17:18:16
ZTE中兴AX3000M巡天版wifi6无线电竞路由器千兆端口双频家用全屋大中华户高速光纤穿墙为游戏智能子母mesh5G,中兴,139.77,WiFi6,全千兆网口,5,非常好的一款主流路由器，外观好看，覆盖也 很大，放二楼去邻居家也能上网，扛扛的。上网 传输也挺快的。一回到家只要一打开手机立马 连接上。,2026-06-08 17:18:16
ZTE中兴AX3000M巡天版wifi6无线电竞路由器千兆端口双频家用全屋大中华户高速光纤穿墙为游戏智能子母mesh5G,中兴,139.77,WiFi6,全千兆网口,5,物美价廉值得购买，网速非常快能够排满一千。连接方便,2026-06-08 17:18:16
ZTE中兴AX3000M巡天版wifi6无线电竞路由器千兆端口双频家用全屋大中华户高速光纤穿墙为游戏智能子母mesh5G,中兴,139.77,WiFi6,全千兆网口,5,材质：做工用料精致考究，材质厚实，结实耐用，质感高级152，环保健康 颜色：白色外观大气，简约百搭:13，白色机身简约百搭，奶白色很简约，指示灯颜色比较柔和 外观：5根天线可旋转，设计精巧美观，哑光机机身颜值耐看，信号塔模式摆放高级节省空间，包装高级简约大气 风格：科技感十足 白色简约风，高端时尚，有电竞的感觉,2026-06-08 17:18:16
ZTE中兴AX3000M巡天版wifi6无线电竞路由器千兆端口双频家用全屋大中华户高速光纤穿墙为游戏智能子母mesh5G,中兴,139.77,WiFi6,全千兆网口,5,包装还是不错的，送到后快递盒也是比较完整的，打开后路由器就在里面，还有电源线和网线。用起来也不错没什么问题。,2026-06-08 17:18:16
ZTE中兴AX3000M巡天版wifi6无线电竞路由器千兆端口双频家用全屋大中华户高速光纤穿墙为游戏智能子母mesh5G,中兴,139.77,WiFi6,全千兆网口,3,小**龙 2026年6月3日已购：标准配置 / AX3000巡天版【超千兆满血Wifi6丨穿墙王丨网易UU加速】 0 0 挺不错的网速挺快，最近网上这个中兴AX3000巡天版特别火，我家300兆的宽带也足够用，大家下单吧，打游戏很快，稳定。之前家里路由器不行了，买了中兴，大品牌，值得信赖。 整体评价：,2026-06-08 17:18:16
ZTE中兴AX3000M巡天版wifi6无线电竞路由器千兆端口双频家用全屋大中华户高速光纤穿墙为游戏智能子母mesh5G,中兴,139.77,WiFi6,全千兆网口,3,匿名买家 2026年6月3日已购：标准配置 / AX3000巡天版【超千兆满血Wifi6丨穿墙王丨网易UU加速】 0 0 整体评价：效果很好，Wi-Fi全屋都能连接 买来收货挺惊喜，穿墙效果真强，信号覆盖全屋,2026-06-08 17:18:16
ZTE中兴AX3000M巡天版wifi6无线电竞路由器千兆端口双频家用全屋大中华户高速光纤穿墙为游戏智能子母mesh5G,中兴,139.77,WiFi6,全千兆网口,3,白**. 2026年6月3日已购：标准配置 / AX3000巡天版【超千兆满血Wifi6丨穿墙王丨网易UU加速】 0 0 换了之后信号覆盖广了不少，门口角落也能稳定连上。网速提升很明显，下载文件速度快，刷高清视频也不卡，日常用很省心,2026-06-08 17:18:16
ZTE中兴AX3000M巡天版wifi6无线电竞路由器千兆端口双频家用全屋大中华户高速光纤穿墙为游戏智能子母mesh5G,中兴,139.77,WiFi6,全千兆网口,3,1**村 2026年6月3日已购：标准配置 / AX3000巡天版【超千兆满血Wifi6丨穿墙王丨网易UU加速】 0 0 漏油器买来用了一段时间，质量非常不错，穿墙力强，140平的房子信号都是满满的，下次需要还会光顾,2026-06-08 17:18:16
ZTE中兴AX3000M巡天版wifi6无线电竞路由器千兆端口双频家用全屋大中华户高速光纤穿墙为游戏智能子母mesh5G,中兴,139.77,WiFi6,全千兆网口,3,H**7 2026年6月3日已购：标准配置 / AX3000巡天版【超千兆满血Wifi6丨穿墙王丨网易UU加速】 0 0 颜值很高 有uu加速插件 五根天线大概能穿一堵墙千兆网速300mbps 机身的指示灯很简约一个灯长绿就是正常,2026-06-08 17:18:16
ZTE中兴AX3000M巡天版wifi6无线电竞路由器千兆端口双频家用全屋大中华户高速光纤穿墙为游戏智能子母mesh5G,中兴,139.77,WiFi6,全千兆网口,1,茹**m 2026年6月3日已购：标准配置 / AX3000巡天版【超千兆满血Wifi6丨穿墙王丨网易UU加速】 0 0 网速稳不拉胯，多设备同时连、追剧打游戏都流畅，长时间开机不发热不掉线，性价比远超同价位，老品牌值得信赖￼￼￼。,2026-06-08 17:18:16
ZTE中兴AX3000M巡天版wifi6无线电竞路由器千兆端口双频家用全屋大中华户高速光纤穿墙为游戏智能子母mesh5G,中兴,139.77,WiFi6,全千兆网口,3,过**. 2026年6月2日已购：标准配置 / AX3000巡天版【超千兆满血Wifi6丨穿墙王丨网易UU加速】 0 0 买来收货不错，穿墙强，信号稳得很，用起来很方便，查了线就可以了，安全指数高，会推荐朋友买这个，很棒,2026-06-08 17:18:16
ZTE中兴AX3000M巡天版wifi6无线电竞路由器千兆端口双频家用全屋大中华户高速光纤穿墙为游戏智能子母mesh5G,中兴,139.77,WiFi6,全千兆网口,3,永**@ 2026年6月2日已购：标准配置 / AX3000巡天版【超千兆满血Wifi6丨穿墙王丨网易UU加速】 0 0 整体评价：很好 外观材质：很不错 覆盖区域：很广 传输效果：很不错 连接速度：很快,2026-06-08 17:18:16
ZTE中兴AX3000M巡天版wifi6无线电竞路由器千兆端口双频家用全屋大中华户高速光纤穿墙为游戏智能子母mesh5G,中兴,139.77,WiFi6,全千兆网口,1,匿名买家 2026年6月2日已购：标准配置 / AX3000巡天版【超千兆满血Wifi6丨穿墙王丨网易UU加速】 0 0 路由器安装简单，手机几步设置完成。穿墙效果很棒，隔承重墙卧室、卫生间信号满格，网速稳定不掉线，多设备同时连网追剧打游戏都流畅，发热小性价比高，值得入手！,2026-06-08 17:18:16
ZTE中兴AX3000M巡天版wifi6无线电竞路由器千兆端口双频家用全屋大中华户高速光纤穿墙为游戏智能子母mesh5G,中兴,139.77,WiFi6,全千兆网口,3,匿名买家 2026年6月1日已购：标准配置 / AX3000巡天版【超千兆满血Wifi6丨穿墙王丨网易UU加速】 0 0 中兴这款路由器确实稳！隔两堵墙信号还有三格，打游戏没掉过线。设置也简单，手机扫码就行，性价比可以~,2026-06-08 17:18:16
ZTE中兴AX3000M巡天版wifi6无线电竞路由器千兆端口双频家用全屋大中华户高速光纤穿墙为游戏智能子母mesh5G,中兴,139.77,WiFi6,全千兆网口,3,T**8 2026年6月1日已购：标准配置 / AX3000巡天版【超千兆满血Wifi6丨穿墙王丨网易UU加速】 0 0 看了很久选了中兴这款路由器，测网速信号确实比之前老路由器强不少，做工也很不错，大品牌有保障。 穿墙能力真强，隔两堵墙信号也稳。,2026-06-08 17:18:16
ZTE中兴AX3000M巡天版wifi6无线电竞路由器千兆端口双频家用全屋大中华户高速光纤穿墙为游戏智能子母mesh5G,中兴,139.77,WiFi6,全千兆网口,3,文**萄 2026年6月1日已购：标准配置 / AX3000巡天版【超千兆满血Wifi6丨穿墙王丨网易UU加速】 0 0 外观设计很干净，四根线型号还不错。第一次买这个牌子，希望是好用的。,2026-06-08 17:18:16
ZTE中兴AX3000M巡天版wifi6无线电竞路由器千兆端口双频家用全屋大中华户高速光纤穿墙为游戏智能子母mesh5G,中兴,139.77,WiFi6,全千兆网口,3,匿名买家 2026年6月1日已购：标准配置 / AX3000巡天版【超千兆满血Wifi6丨穿墙王丨网易UU加速】 0 0 快递挺快的，今天拿上就开始安装，操作很简单，一下子就连上了，信号很好，网络完全没断过，配上我的光猫杠杠的！,2026-06-08 17:18:16
ZTE中兴AX3000M巡天版wifi6无线电竞路由器千兆端口双频家用全屋大中华户高速光纤穿墙为游戏智能子母mesh5G,中兴,139.77,WiFi6,全千兆网口,3,爱**罗 2026年6月1日已购：标准配置 / AX3000巡天版【超千兆满血Wifi6丨穿墙王丨网易UU加速】 0 0 很不错，很喜欢价格合适，性价比高，喜欢的姐妹赶快试试吧，推荐给大家可以可以覆盖，能力也很强，整体不错,2026-06-08 17:18:16
ZTE中兴AX3000M巡天版wifi6无线电竞路由器千兆端口双频家用全屋大中华户高速光纤穿墙为游戏智能子母mesh5G,中兴,139.77,WiFi6,全千兆网口,3,省**君 2026年6月1日已购：标准配置 / AX3000巡天版【超千兆满血Wifi6丨穿墙王丨网易UU加速】 0 0 这款中兴路由器太好用了，配置简单直白，小白也能轻松安装。信号穿透力强，房间每个角落WiFi都满格，网络运行平稳，质量扎实，性价比拉满，值得推荐。,2026-06-08 17:18:16
ZTE中兴AX3000M巡天版wifi6无线电竞路由器千兆端口双频家用全屋大中华户高速光纤穿墙为游戏智能子母mesh5G,中兴,139.77,WiFi6,全千兆网口,3,匿名买家 2026年5月31日已购：标准配置 / AX3000巡天版【超千兆满血Wifi6丨穿墙王丨网易UU加速】 0 0 外观材质：外观美观大气上档次 覆盖区域：信号很好，家里两室一厅，在那里都是满格 整体评价：整体值得推荐,2026-06-08 17:18:16
ZTE中兴AX3000M巡天版wifi6无线电竞路由器千兆端口双频家用全屋大中华户高速光纤穿墙为游戏智能子母mesh5G,中兴,139.77,WiFi6,全千兆网口,1,t**a 2026年5月31日已购：标准配置 / AX3000巡天版【超千兆满血Wifi6丨穿墙王丨网易UU加速】 0 0 换上这款路由器网速提升明显，客厅、卧室、卫生间无信号死角，WiFi6网速稳定，追剧、孩子上网课、打游戏全程低延迟不掉线，APP能管控上网、防蹭网，设置便捷，用料扎实值得入手。,2026-06-08 17:18:16
ZTE中兴AX3000M巡天版wifi6无线电竞路由器千兆端口双频家用全屋大中华户高速光纤穿墙为游戏智能子母mesh5G,中兴,139.77,WiFi6,全千兆网口,3,挺不错的网速挺快，最近网上这个中兴AX3000巡天版特别火，我家300兆的宽带也足够用，大家下单吧，打游戏很快，稳定。之前家里路由器不行了，买了中兴，大品牌，值得信赖。 整体评价：,2026-06-08 17:18:16
ZTE中兴AX3000M巡天版wifi6无线电竞路由器千兆端口双频家用全屋大中华户高速光纤穿墙为游戏智能子母mesh5G,中兴,139.77,WiFi6,全千兆网口,3,整体评价：效果很好，Wi-Fi全屋都能连接 买来收货挺惊喜，穿墙效果真强，信号覆盖全屋,2026-06-08 17:18:16
ZTE中兴AX3000M巡天版wifi6无线电竞路由器千兆端口双频家用全屋大中华户高速光纤穿墙为游戏智能子母mesh5G,中兴,139.77,WiFi6,全千兆网口,3,换了之后信号覆盖广了不少，门口角落也能稳定连上。网速提升很明显，下载文件速度快，刷高清视频也不卡，日常用很省心,2026-06-08 17:18:16
ZTE中兴AX3000M巡天版wifi6无线电竞路由器千兆端口双频家用全屋大中华户高速光纤穿墙为游戏智能子母mesh5G,中兴,139.77,WiFi6,全千兆网口,3,漏油器买来用了一段时间，质量非常不错，穿墙力强，140平的房子信号都是满满的，下次需要还会光顾,2026-06-08 17:18:16
ZTE中兴AX3000M巡天版wifi6无线电竞路由器千兆端口双频家用全屋大中华户高速光纤穿墙为游戏智能子母mesh5G,中兴,139.77,WiFi6,全千兆网口,3,颜值很高 有uu加速插件 五根天线大概能穿一堵墙千兆网速300mbps 机身的指示灯很简约一个灯长绿就是正常,2026-06-08 17:18:16
ZTE中兴AX3000M巡天版wifi6无线电竞路由器千兆端口双频家用全屋大中华户高速光纤穿墙为游戏智能子母mesh5G,中兴,139.77,WiFi6,全千兆网口,1,网速稳不拉胯，多设备同时连、追剧打游戏都流畅，长时间开机不发热不掉线，性价比远超同价位，老品牌值得信赖￼￼￼。,2026-06-08 17:18:16
ZTE中兴AX3000M巡天版wifi6无线电竞路由器千兆端口双频家用全屋大中华户高速光纤穿墙为游戏智能子母mesh5G,中兴,139.77,WiFi6,全千兆网口,3,买来收货不错，穿墙强，信号稳得很，用起来很方便，查了线就可以了，安全指数高，会推荐朋友买这个，很棒,2026-06-08 17:18:16
ZTE中兴AX3000M巡天版wifi6无线电竞路由器千兆端口双频家用全屋大中华户高速光纤穿墙为游戏智能子母mesh5G,中兴,139.77,WiFi6,全千兆网口,3,整体评价：很好 外观材质：很不错 覆盖区域：很广 传输效果：很不错 连接速度：很快,2026-06-08 17:18:16
ZTE中兴AX3000M巡天版wifi6无线电竞路由器千兆端口双频家用全屋大中华户高速光纤穿墙为游戏智能子母mesh5G,中兴,139.77,WiFi6,全千兆网口,1,路由器安装简单，手机几步设置完成。穿墙效果很棒，隔承重墙卧室、卫生间信号满格，网速稳定不掉线，多设备同时连网追剧打游戏都流畅，发热小性价比高，值得入手！,2026-06-08 17:18:16
ZTE中兴AX3000M巡天版wifi6无线电竞路由器千兆端口双频家用全屋大中华户高速光纤穿墙为游戏智能子母mesh5G,中兴,139.77,WiFi6,全千兆网口,3,中兴这款路由器确实稳！隔两堵墙信号还有三格，打游戏没掉过线。设置也简单，手机扫码就行，性价比可以~,2026-06-08 17:18:16
ZTE中兴AX3000M巡天版wifi6无线电竞路由器千兆端口双频家用全屋大中华户高速光纤穿墙为游戏智能子母mesh5G,中兴,139.77,WiFi6,全千兆网口,3,看了很久选了中兴这款路由器，测网速信号确实比之前老路由器强不少，做工也很不错，大品牌有保障。 穿墙能力真强，隔两堵墙信号也稳。,2026-06-08 17:18:16
ZTE中兴AX3000M巡天版wifi6无线电竞路由器千兆端口双频家用全屋大中华户高速光纤穿墙为游戏智能子母mesh5G,中兴,139.77,WiFi6,全千兆网口,3,外观设计很干净，四根线型号还不错。第一次买这个牌子，希望是好用的。,2026-06-08 17:18:16
ZTE中兴AX3000M巡天版wifi6无线电竞路由器千兆端口双频家用全屋大中华户高速光纤穿墙为游戏智能子母mesh5G,中兴,139.77,WiFi6,全千兆网口,3,快递挺快的，今天拿上就开始安装，操作很简单，一下子就连上了，信号很好，网络完全没断过，配上我的光猫杠杠的！,2026-06-08 17:18:16
ZTE中兴AX3000M巡天版wifi6无线电竞路由器千兆端口双频家用全屋大中华户高速光纤穿墙为游戏智能子母mesh5G,中兴,139.77,WiFi6,全千兆网口,3,很不错，很喜欢价格合适，性价比高，喜欢的姐妹赶快试试吧，推荐给大家可以可以覆盖，能力也很强，整体不错,2026-06-08 17:18:16
ZTE中兴AX3000M巡天版wifi6无线电竞路由器千兆端口双频家用全屋大中华户高速光纤穿墙为游戏智能子母mesh5G,中兴,139.77,WiFi6,全千兆网口,3,这款中兴路由器太好用了，配置简单直白，小白也能轻松安装。信号穿透力强，房间每个角落WiFi都满格，网络运行平稳，质量扎实，性价比拉满，值得推荐。,2026-06-08 17:18:16
ZTE中兴AX3000M巡天版wifi6无线电竞路由器千兆端口双频家用全屋大中华户高速光纤穿墙为游戏智能子母mesh5G,中兴,139.77,WiFi6,全千兆网口,3,外观材质：外观美观大气上档次 覆盖区域：信号很好，家里两室一厅，在那里都是满格 整体评价：整体值得推荐,2026-06-08 17:18:16
ZTE中兴AX3000M巡天版wifi6无线电竞路由器千兆端口双频家用全屋大中华户高速光纤穿墙为游戏智能子母mesh5G,中兴,139.77,WiFi6,全千兆网口,1,换上这款路由器网速提升明显，客厅、卧室、卫生间无信号死角，WiFi6网速稳定，追剧、孩子上网课、打游戏全程低延迟不掉线，APP能管控上网、防蹭网，设置便捷，用料扎实值得入手。,2026-06-08 17:18:16
ZTE中兴AX3000M巡天版wifi6无线电竞路由器千兆端口双频家用全屋大中华户高速光纤穿墙为游戏智能子母mesh5G,中兴,139.77,WiFi6,全千兆网口,1,甜**y 2026年5月31日已购：标准配置 / AX3000巡天版【超千兆满血Wifi6丨穿墙王丨网易UU加速】 0 1 用着蛮好的，家里用的都是中兴的穿透力满强，质量也蛮好的，很满意以后有需要还会再来回购的！,2026-06-08 17:18:16
ZTE中兴AX3000M巡天版wifi6无线电竞路由器千兆端口双频家用全屋大中华户高速光纤穿墙为游戏智能子母mesh5G,中兴,139.77,WiFi6,全千兆网口,1,匿名买家 2026年5月31日已购：标准配置 / AX3000巡天版【超千兆满血Wifi6丨穿墙王丨网易UU加速】 0 0 网速很不错，而且网络也非常的快，性价比很高，中式也是大牌子，大家可以直接买，安装很方便,2026-06-08 17:18:16
ZTE中兴AX3000M巡天版wifi6无线电竞路由器千兆端口双频家用全屋大中华户高速光纤穿墙为游戏智能子母mesh5G,中兴,139.77,WiFi6,全千兆网口,1,筱**f 2026年5月30日已购：标准配置 / AX3000巡天版【超千兆满血Wifi6丨穿墙王丨网易UU加速】 0 0 WiFi6网速快且稳定，延迟低、不掉线，打游戏超流畅。五天线信号强，隔两堵墙仍满格，全家刷视频、下载都不卡。安装方便，APP管理简单，用了很久没断连，非常省心！,2026-06-08 17:18:16
ZTE中兴AX3000M巡天版wifi6无线电竞路由器千兆端口双频家用全屋大中华户高速光纤穿墙为游戏智能子母mesh5G,中兴,139.77,WiFi6,全千兆网口,1,风**n 2026年5月29日已购：标准配置 / AX3000巡天版【超千兆满血Wifi6丨穿墙王丨网易UU加速】 0 0 买来收货挺惊喜，穿墙效果真强，信号覆盖全屋，70平的房子足够用了，信号十分稳定，开通网络的师傅对这款产品也十分认可，同等价位top1。,2026-06-08 17:18:16
ZTE中兴AX3000M巡天版wifi6无线电竞路由器千兆端口双频家用全屋大中华户高速光纤穿墙为游戏智能子母mesh5G,中兴,139.77,WiFi6,全千兆网口,1,匿名买家 2026年5月28日已购：标准配置 / AX3000巡天版【超千兆满血Wifi6丨穿墙王丨网易UU加速】 0 0 中兴路由器安装过程很简单，WIFI信号很不错，颜色高级，网速也快，刷视频打游戏也不卡，带得动全屋信号，比之前连接的设备好多了,2026-06-08 17:18:16
ZTE中兴AX3000M巡天版wifi6无线电竞路由器千兆端口双频家用全屋大中华户高速光纤穿墙为游戏智能子母mesh5G,中兴,139.77,WiFi6,全千兆网口,1,匿名买家 2026年5月28日已购：标准配置 / AX3000巡天版【超千兆满血Wifi6丨穿墙王丨网易UU加速】 0 0 买来收货就用，穿墙信号很稳，客厅卧室都行。 覆盖区域：很广 传输效果：我家是千兆 可以跑到988这样,2026-06-08 17:18:16
ZTE中兴AX3000M巡天版wifi6无线电竞路由器千兆端口双频家用全屋大中华户高速光纤穿墙为游戏智能子母mesh5G,中兴,139.77,WiFi6,全千兆网口,1,t**8 2026年5月28日已购：标准配置 / AX3000巡天版【超千兆满血Wifi6丨穿墙王丨网易UU加速】 0 0 买来用着很稳，连网不掉线。购物过程很省心，商家发货速度快，还附有链接教程。路由器颜值高网速快。可以跑千兆网络,2026-06-08 17:18:16
ZTE中兴AX3000M巡天版wifi6无线电竞路由器千兆端口双频家用全屋大中华户高速光纤穿墙为游戏智能子母mesh5G,中兴,139.77,WiFi6,全千兆网口,1,p**h 2026年5月27日已购：标准配置 / AX3000巡天版【超千兆满血Wifi6丨穿墙王丨网易UU加速】 0 0 买来收货就用，穿墙信号很稳，客厅卧室都行。颜值也很高 专门等用了好几天才评价的值得购买合适,2026-06-08 17:18:16
ZTE中兴AX3000M巡天版wifi6无线电竞路由器千兆端口双频家用全屋大中华户高速光纤穿墙为游戏智能子母mesh5G,中兴,139.77,WiFi6,全千兆网口,1,匿名买家 2026年5月27日已购：标准配置 / AX3000巡天版【超千兆满血Wifi6丨穿墙王丨网易UU加速】 0 0 中兴这款路由器真的不错，设置简单，信号覆盖也挺广的。我家120平，每个房间都能满格，看视频刷剧都不卡。性价比挺高的，推荐入手~,2026-06-08 17:18:16
ZTE中兴AX3000M巡天版wifi6无线电竞路由器千兆端口双频家用全屋大中华户高速光纤穿墙为游戏智能子母mesh5G,中兴,139.77,WiFi6,全千兆网口,1,春**里 2026年5月27日已购：标准配置 / AX3000巡天版【超千兆满血Wifi6丨穿墙王丨网易UU加速】 0 0 买来用了，路由器一直很稳，链接也很简单，还有APP实时查看联网设备。连游戏都流畅。,2026-06-08 17:18:16
ZTE中兴AX3000M巡天版wifi6无线电竞路由器千兆端口双频家用全屋大中华户高速光纤穿墙为游戏智能子母mesh5G,中兴,139.77,WiFi6,全千兆网口,1,t**g 2026年5月27日已购：标准配置 / AX3000巡天版【超千兆满血Wifi6丨穿墙王丨网易UU加速】 0 0 颜值不错，价格也不贵，买了个换掉家里的古董，发现真的快挺多的，也不会卡和掉线了，性价比高,2026-06-08 17:18:16
ZTE中兴AX3000M巡天版wifi6无线电竞路由器千兆端口双频家用全屋大中华户高速光纤穿墙为游戏智能子母mesh5G,中兴,139.77,WiFi6,全千兆网口,1,星**爱 2026年5月27日已购：标准配置 / AX3000巡天版【超千兆满血Wifi6丨穿墙王丨网易UU加速】 0 0 整体评价：是一款不错的路由器 外观材质：纯白色机身非常好看 连接速度：连接速度很快，扫码就能连接 家里一直就用中兴路由器，主要是信号强大，穿墙效果好,2026-06-08 17:18:16
ZTE中兴AX3000M巡天版wifi6无线电竞路由器千兆端口双频家用全屋大中华户高速光纤穿墙为游戏智能子母mesh5G,中兴,139.77,WiFi6,全千兆网口,1,匿名买家 2026年5月27日已购：标准配置 / AX3000巡天版【超千兆满血Wifi6丨穿墙王丨网易UU加速】 0 0 太好用了！WiFi6网速快，穿墙强，全屋信号满格。五天线稳定不掉线，游戏低延迟。 发热低，百元价位性价比无敌，闭眼入不亏！,2026-06-08 17:18:16
ZTE中兴AX3000M巡天版wifi6无线电竞路由器千兆端口双频家用全屋大中华户高速光纤穿墙为游戏智能子母mesh5G,中兴,139.77,WiFi6,全千兆网口,1,小**家 2026年5月26日已购：标准配置 / AX3000巡天版【超千兆满血Wifi6丨穿墙王丨网易UU加速】 0 0 对比研究了很长时间，最终选择了这款wifi6千兆路由器，换上之后，上网速度快了，信号覆盖区域广了，而且外观白色很漂亮，非常满意。,2026-06-08 17:18:16
ZTE中兴AX3000M巡天版wifi6无线电竞路由器千兆端口双频家用全屋大中华户高速光纤穿墙为游戏智能子母mesh5G,中兴,139.77,WiFi6,全千兆网口,1,T**6 2026年5月26日已购：标准配置 / AX3000巡天版【超千兆满血Wifi6丨穿墙王丨网易UU加速】 0 0 买来收货不错，穿墙强，信号稳得很，自从换了这个之后比之前的路由器好用多了，推荐朋友也买了,2026-06-08 17:18:16
ZTE中兴AX3000M巡天版wifi6无线电竞路由器千兆端口双频家用全屋大中华户高速光纤穿墙为游戏智能子母mesh5G,中兴,139.77,WiFi6,全千兆网口,1,i**h 2026年5月26日已购：标准配置 / AX3000巡天版【超千兆满血Wifi6丨穿墙王丨网易UU加速】 0 0 买来就是冲着穿墙强来的，信号稳得很。比之前旧的信号好太多了。网速也快。很稳定，不会掉线,2026-06-08 17:18:16
ZTE中兴AX3000M巡天版wifi6无线电竞路由器千兆端口双频家用全屋大中华户高速光纤穿墙为游戏智能子母mesh5G,中兴,139.77,WiFi6,全千兆网口,1,用着蛮好的，家里用的都是中兴的穿透力满强，质量也蛮好的，很满意以后有需要还会再来回购的！,2026-06-08 17:18:16
ZTE中兴AX3000M巡天版wifi6无线电竞路由器千兆端口双频家用全屋大中华户高速光纤穿墙为游戏智能子母mesh5G,中兴,139.77,WiFi6,全千兆网口,1,网速很不错，而且网络也非常的快，性价比很高，中式也是大牌子，大家可以直接买，安装很方便,2026-06-08 17:18:16
ZTE中兴AX3000M巡天版wifi6无线电竞路由器千兆端口双频家用全屋大中华户高速光纤穿墙为游戏智能子母mesh5G,中兴,139.77,WiFi6,全千兆网口,1,WiFi6网速快且稳定，延迟低、不掉线，打游戏超流畅。五天线信号强，隔两堵墙仍满格，全家刷视频、下载都不卡。安装方便，APP管理简单，用了很久没断连，非常省心！,2026-06-08 17:18:16
ZTE中兴AX3000M巡天版wifi6无线电竞路由器千兆端口双频家用全屋大中华户高速光纤穿墙为游戏智能子母mesh5G,中兴,139.77,WiFi6,全千兆网口,1,买来收货挺惊喜，穿墙效果真强，信号覆盖全屋，70平的房子足够用了，信号十分稳定，开通网络的师傅对这款产品也十分认可，同等价位top1。,2026-06-08 17:18:16
ZTE中兴AX3000M巡天版wifi6无线电竞路由器千兆端口双频家用全屋大中华户高速光纤穿墙为游戏智能子母mesh5G,中兴,139.77,WiFi6,全千兆网口,1,中兴路由器安装过程很简单，WIFI信号很不错，颜色高级，网速也快，刷视频打游戏也不卡，带得动全屋信号，比之前连接的设备好多了,2026-06-08 17:18:16
ZTE中兴AX3000M巡天版wifi6无线电竞路由器千兆端口双频家用全屋大中华户高速光纤穿墙为游戏智能子母mesh5G,中兴,139.77,WiFi6,全千兆网口,1,买来收货就用，穿墙信号很稳，客厅卧室都行。 覆盖区域：很广 传输效果：我家是千兆 可以跑到988这样,2026-06-08 17:18:16
ZTE中兴AX3000M巡天版wifi6无线电竞路由器千兆端口双频家用全屋大中华户高速光纤穿墙为游戏智能子母mesh5G,中兴,139.77,WiFi6,全千兆网口,1,买来用着很稳，连网不掉线。购物过程很省心，商家发货速度快，还附有链接教程。路由器颜值高网速快。可以跑千兆网络,2026-06-08 17:18:16
ZTE中兴AX3000M巡天版wifi6无线电竞路由器千兆端口双频家用全屋大中华户高速光纤穿墙为游戏智能子母mesh5G,中兴,139.77,WiFi6,全千兆网口,1,买来收货就用，穿墙信号很稳，客厅卧室都行。颜值也很高 专门等用了好几天才评价的值得购买合适,2026-06-08 17:18:16
ZTE中兴AX3000M巡天版wifi6无线电竞路由器千兆端口双频家用全屋大中华户高速光纤穿墙为游戏智能子母mesh5G,中兴,139.77,WiFi6,全千兆网口,1,中兴这款路由器真的不错，设置简单，信号覆盖也挺广的。我家120平，每个房间都能满格，看视频刷剧都不卡。性价比挺高的，推荐入手~,2026-06-08 17:18:16
ZTE中兴AX3000M巡天版wifi6无线电竞路由器千兆端口双频家用全屋大中华户高速光纤穿墙为游戏智能子母mesh5G,中兴,139.77,WiFi6,全千兆网口,1,买来用了，路由器一直很稳，链接也很简单，还有APP实时查看联网设备。连游戏都流畅。,2026-06-08 17:18:16
ZTE中兴AX3000M巡天版wifi6无线电竞路由器千兆端口双频家用全屋大中华户高速光纤穿墙为游戏智能子母mesh5G,中兴,139.77,WiFi6,全千兆网口,1,颜值不错，价格也不贵，买了个换掉家里的古董，发现真的快挺多的，也不会卡和掉线了，性价比高,2026-06-08 17:18:16
ZTE中兴AX3000M巡天版wifi6无线电竞路由器千兆端口双频家用全屋大中华户高速光纤穿墙为游戏智能子母mesh5G,中兴,139.77,WiFi6,全千兆网口,1,整体评价：是一款不错的路由器 外观材质：纯白色机身非常好看 连接速度：连接速度很快，扫码就能连接 家里一直就用中兴路由器，主要是信号强大，穿墙效果好,2026-06-08 17:18:16
ZTE中兴AX3000M巡天版wifi6无线电竞路由器千兆端口双频家用全屋大中华户高速光纤穿墙为游戏智能子母mesh5G,中兴,139.77,WiFi6,全千兆网口,1,太好用了！WiFi6网速快，穿墙强，全屋信号满格。五天线稳定不掉线，游戏低延迟。 发热低，百元价位性价比无敌，闭眼入不亏！,2026-06-08 17:18:16
ZTE中兴AX3000M巡天版wifi6无线电竞路由器千兆端口双频家用全屋大中华户高速光纤穿墙为游戏智能子母mesh5G,中兴,139.77,WiFi6,全千兆网口,1,对比研究了很长时间，最终选择了这款wifi6千兆路由器，换上之后，上网速度快了，信号覆盖区域广了，而且外观白色很漂亮，非常满意。,2026-06-08 17:18:16
ZTE中兴AX3000M巡天版wifi6无线电竞路由器千兆端口双频家用全屋大中华户高速光纤穿墙为游戏智能子母mesh5G,中兴,139.77,WiFi6,全千兆网口,1,买来收货不错，穿墙强，信号稳得很，自从换了这个之后比之前的路由器好用多了，推荐朋友也买了,2026-06-08 17:18:16
ZTE中兴AX3000M巡天版wifi6无线电竞路由器千兆端口双频家用全屋大中华户高速光纤穿墙为游戏智能子母mesh5G,中兴,139.77,WiFi6,全千兆网口,1,买来就是冲着穿墙强来的，信号稳得很。比之前旧的信号好太多了。网速也快。很稳定，不会掉线,2026-06-08 17:18:16
ZTE中兴AX3000M巡天版wifi6无线电竞路由器千兆端口双频家用全屋大中华户高速光纤穿墙为游戏智能子母mesh5G,中兴,139.77,WiFi6,全千兆网口,1,琳**诺 2026年5月5日已购：标准配置 / AX3000巡天版【超千兆满血Wifi6丨穿墙王丨网易UU加速】 0 0 该用户未填写评价内容 23天后追评：路由器颜值很高很漂亮，网络也很快，在卧室信号也很好，之前的路由器也可以用就没这个快，装宽带的推荐这款果然没有失望，想买的可以购买,2026-06-08 17:18:16
ZTE中兴AX3000M巡天版wifi6无线电竞路由器千兆端口双频家用全屋大中华户高速光纤穿墙为游戏智能子母mesh5G,中兴,139.77,WiFi6,全千兆网口,5,匿名买家 2026年5月27日已购：标准配置 / AX3000巡天版【超千兆满血Wifi6丨穿墙王丨网易UU加速】 0 0 该用户未填写评价内容 15天后追评：到货很快，一直用这款，买了好多个了，公共网络信号很好,2026-06-08 17:18:16
ZTE中兴AX3000M巡天版wifi6无线电竞路由器千兆端口双频家用全屋大中华户高速光纤穿墙为游戏智能子母mesh5G,中兴,139.77,WiFi6,全千兆网口,5,用**2 2026年5月17日已购：标准配置 / AX3000巡天版【超千兆满血Wifi6丨穿墙王丨网易UU加速】 1 0 该用户未填写评价内容 16天后追评：买回来，使用一个月的真实评价！开关起用很方便！信号稳定，没出现卡顿！值得购买的,2026-06-08 17:18:16
ZTE中兴AX3000M巡天版wifi6无线电竞路由器千兆端口双频家用全屋大中华户高速光纤穿墙为游戏智能子母mesh5G,中兴,139.77,WiFi6,全千兆网口,5,匿名买家 2026年5月17日已购：标准配置 / AX3000巡天版【超千兆满血Wifi6丨穿墙王丨网易UU加速】 0 0 该用户未填写评价内容 19天后追评：款式很好看，高端大气上档次，信号也不错，服务也很好。,2026-06-08 17:18:16
ZTE中兴AX3000M巡天版wifi6无线电竞路由器千兆端口双频家用全屋大中华户高速光纤穿墙为游戏智能子母mesh5G,中兴,139.77,WiFi6,全千兆网口,5,伊**开 2026年5月2日已购：标准配置 / AX3000巡天版【超千兆满血Wifi6丨穿墙王丨网易UU加速】 0 0 不错挺简单，好用 6天后追评：用了一段时间，还是挺稳定的，130平都有信号，没有什么卡顿现象，希望能一直稳定吧,2026-06-08 17:18:16
ZTE中兴AX3000M巡天版wifi6无线电竞路由器千兆端口双频家用全屋大中华户高速光纤穿墙为游戏智能子母mesh5G,中兴,139.77,WiFi6,全千兆网口,5,匿名买家 2026年5月20日已购：标准配置 / AX3000巡天版【超千兆满血Wifi6丨穿墙王丨网易UU加速】 0 0 该用户未填写评价内容 17天后追评：价格实惠，还赠送了一条网线，比之前老的路由器快很多，不错👍,2026-06-08 17:18:16
ZTE中兴AX3000M巡天版wifi6无线电竞路由器千兆端口双频家用全屋大中华户高速光纤穿墙为游戏智能子母mesh5G,中兴,139.77,WiFi6,全千兆网口,5,风**神 2026年5月19日已购：标准配置 / AX3000巡天版【超千兆满血Wifi6丨穿墙王丨网易UU加速】 0 0 该用户未填写评价内容 17天后追评：东西很好，速度很快，包装完好。下次还会推荐过来购买。老板生意兴隆，财源广进。,2026-06-08 17:18:16
ZTE中兴AX3000M巡天版wifi6无线电竞路由器千兆端口双频家用全屋大中华户高速光纤穿墙为游戏智能子母mesh5G,中兴,139.77,WiFi6,全千兆网口,5,n**x 2026年4月13日已购：标准配置 / AX3000巡天版【超千兆满血Wifi6丨穿墙王丨网易UU加速】 1 0 该用户未填写评价内容 17天后追评：路由器质量可以，把路由器放房间里，接网线，信号可以，打游戏不卡，之前路由器时不时断流，比较稳定,2026-06-08 17:18:16
ZTE中兴AX3000M巡天版wifi6无线电竞路由器千兆端口双频家用全屋大中华户高速光纤穿墙为游戏智能子母mesh5G,中兴,139.77,WiFi6,全千兆网口,5,温**Q 2026年6月1日已购：标准配置 / AX3000巡天版【超千兆满血Wifi6丨穿墙王丨网易UU加速】 0 0 已安装，简单配置，信号还不错，之前买的其他牌子的都被雷打掉了，希望这个能挺久点 2天后追评：网络速度不错，比之前买的要好一点，颜值也还可以,2026-06-08 17:18:16
ZTE中兴AX3000M巡天版wifi6无线电竞路由器千兆端口双频家用全屋大中华户高速光纤穿墙为游戏智能子母mesh5G,中兴,139.77,WiFi6,全千兆网口,5,恒**3 2026年4月3日已购：标准配置 / AX3000巡天版【超千兆满血Wifi6丨穿墙王丨网易UU加速】 0 0 该用户未填写评价内容 19天后追评：wifi6就是妙啊！中兴ax3000巡天版，果然名不虚传，给力的价格+给力的性能，100不到就解决问题，家里从客厅到卫生间，几乎都是满信号，app的设置也很人性化，总之我很满意，以后还会介绍朋友过来的。,2026-06-08 17:18:16
ZTE中兴AX3000M巡天版wifi6无线电竞路由器千兆端口双频家用全屋大中华户高速光纤穿墙为游戏智能子母mesh5G,中兴,139.77,WiFi6,全千兆网口,5,快**鱼 2026年4月28日已购：标准配置 / AX3000巡天版【超千兆满血Wifi6丨穿墙王丨网易UU加速】 0 0 该用户未填写评价内容 23天后追评：装上以后信号好多了，玩游戏也不卡了，满意,2026-06-08 17:18:16
ZTE中兴AX3000M巡天版wifi6无线电竞路由器千兆端口双频家用全屋大中华户高速光纤穿墙为游戏智能子母mesh5G,中兴,139.77,WiFi6,全千兆网口,4,匿名买家 2026年4月28日已购：标准配置 / AX3000巡天版【超千兆满血Wifi6丨穿墙王丨网易UU加速】 0 0 该用户未填写评价内容 16天后追评：家里的路由器用了好多年了，这次换了新的，wifi流畅了好多信号也强了不少！,2026-06-08 17:18:16
ZTE中兴AX3000M巡天版wifi6无线电竞路由器千兆端口双频家用全屋大中华户高速光纤穿墙为游戏智能子母mesh5G,中兴,139.77,WiFi6,全千兆网口,5,15天后追评：很好用，价钱也不贵，使用，很好,2026-06-08 17:18:16
ZTE中兴AX3000M巡天版wifi6无线电竞路由器千兆端口双频家用全屋大中华户高速光纤穿墙为游戏智能子母mesh5G,中兴,139.77,WiFi6,全千兆网口,1,该用户未填写评价内容 23天后追评：路由器颜值很高很漂亮，网络也很快，在卧室信号也很好，之前的路由器也可以用就没这个快，装宽带的推荐这款果然没有失望，想买的可以购买,2026-06-08 17:18:16
ZTE中兴AX3000M巡天版wifi6无线电竞路由器千兆端口双频家用全屋大中华户高速光纤穿墙为游戏智能子母mesh5G,中兴,139.77,WiFi6,全千兆网口,1,23天后追评：路由器颜值很高很漂亮，网络也很快，在卧室信号也很好，之前的路由器也可以用就没这个快，装宽带的推荐这款果然没有失望，想买的可以购买,2026-06-08 17:18:16
ZTE中兴AX3000M巡天版wifi6无线电竞路由器千兆端口双频家用全屋大中华户高速光纤穿墙为游戏智能子母mesh5G,中兴,139.77,WiFi6,全千兆网口,5,该用户未填写评价内容 15天后追评：到货很快，一直用这款，买了好多个了，公共网络信号很好,2026-06-08 17:18:16
ZTE中兴AX3000M巡天版wifi6无线电竞路由器千兆端口双频家用全屋大中华户高速光纤穿墙为游戏智能子母mesh5G,中兴,139.77,WiFi6,全千兆网口,5,15天后追评：到货很快，一直用这款，买了好多个了，公共网络信号很好,2026-06-08 17:18:16
ZTE中兴AX3000M巡天版wifi6无线电竞路由器千兆端口双频家用全屋大中华户高速光纤穿墙为游戏智能子母mesh5G,中兴,139.77,WiFi6,全千兆网口,5,1天后追评：昨天没联网，今天联网成功，功能正常，调整一下天线方向，楼上楼下满格，速度很快，很好，好评,2026-06-08 17:18:16
ZTE中兴AX3000M巡天版wifi6无线电竞路由器千兆端口双频家用全屋大中华户高速光纤穿墙为游戏智能子母mesh5G,中兴,139.77,WiFi6,全千兆网口,5,该用户未填写评价内容 16天后追评：买回来，使用一个月的真实评价！开关起用很方便！信号稳定，没出现卡顿！值得购买的,2026-06-08 17:18:16
ZTE中兴AX3000M巡天版wifi6无线电竞路由器千兆端口双频家用全屋大中华户高速光纤穿墙为游戏智能子母mesh5G,中兴,139.77,WiFi6,全千兆网口,5,16天后追评：买回来，使用一个月的真实评价！开关起用很方便！信号稳定，没出现卡顿！值得购买的,2026-06-08 17:18:16
ZTE中兴AX3000M巡天版wifi6无线电竞路由器千兆端口双频家用全屋大中华户高速光纤穿墙为游戏智能子母mesh5G,中兴,139.77,WiFi6,全千兆网口,5,该用户未填写评价内容 19天后追评：款式很好看，高端大气上档次，信号也不错，服务也很好。,2026-06-08 17:18:16
ZTE中兴AX3000M巡天版wifi6无线电竞路由器千兆端口双频家用全屋大中华户高速光纤穿墙为游戏智能子母mesh5G,中兴,139.77,WiFi6,全千兆网口,5,19天后追评：款式很好看，高端大气上档次，信号也不错，服务也很好。,2026-06-08 17:18:16
ZTE中兴AX3000M巡天版wifi6无线电竞路由器千兆端口双频家用全屋大中华户高速光纤穿墙为游戏智能子母mesh5G,中兴,139.77,WiFi6,全千兆网口,5,不错挺简单，好用 6天后追评：用了一段时间，还是挺稳定的，130平都有信号，没有什么卡顿现象，希望能一直稳定吧,2026-06-08 17:18:16
ZTE中兴AX3000M巡天版wifi6无线电竞路由器千兆端口双频家用全屋大中华户高速光纤穿墙为游戏智能子母mesh5G,中兴,139.77,WiFi6,全千兆网口,5,不错挺简单，好用,2026-06-08 17:18:16
ZTE中兴AX3000M巡天版wifi6无线电竞路由器千兆端口双频家用全屋大中华户高速光纤穿墙为游戏智能子母mesh5G,中兴,139.77,WiFi6,全千兆网口,5,6天后追评：用了一段时间，还是挺稳定的，130平都有信号，没有什么卡顿现象，希望能一直稳定吧,2026-06-08 17:18:16
ZTE中兴AX3000M巡天版wifi6无线电竞路由器千兆端口双频家用全屋大中华户高速光纤穿墙为游戏智能子母mesh5G,中兴,139.77,WiFi6,全千兆网口,5,该用户未填写评价内容 17天后追评：价格实惠，还赠送了一条网线，比之前老的路由器快很多，不错👍,2026-06-08 17:18:16
ZTE中兴AX3000M巡天版wifi6无线电竞路由器千兆端口双频家用全屋大中华户高速光纤穿墙为游戏智能子母mesh5G,中兴,139.77,WiFi6,全千兆网口,5,17天后追评：价格实惠，还赠送了一条网线，比之前老的路由器快很多，不错👍,2026-06-08 17:18:16
ZTE中兴AX3000M巡天版wifi6无线电竞路由器千兆端口双频家用全屋大中华户高速光纤穿墙为游戏智能子母mesh5G,中兴,139.77,WiFi6,全千兆网口,5,该用户未填写评价内容 17天后追评：东西很好，速度很快，包装完好。下次还会推荐过来购买。老板生意兴隆，财源广进。,2026-06-08 17:18:16
ZTE中兴AX3000M巡天版wifi6无线电竞路由器千兆端口双频家用全屋大中华户高速光纤穿墙为游戏智能子母mesh5G,中兴,139.77,WiFi6,全千兆网口,5,17天后追评：东西很好，速度很快，包装完好。下次还会推荐过来购买。老板生意兴隆，财源广进。,2026-06-08 17:18:16
ZTE中兴AX3000M巡天版wifi6无线电竞路由器千兆端口双频家用全屋大中华户高速光纤穿墙为游戏智能子母mesh5G,中兴,139.77,WiFi6,全千兆网口,5,该用户未填写评价内容 17天后追评：路由器质量可以，把路由器放房间里，接网线，信号可以，打游戏不卡，之前路由器时不时断流，比较稳定,2026-06-08 17:18:16
ZTE中兴AX3000M巡天版wifi6无线电竞路由器千兆端口双频家用全屋大中华户高速光纤穿墙为游戏智能子母mesh5G,中兴,139.77,WiFi6,全千兆网口,5,17天后追评：路由器质量可以，把路由器放房间里，接网线，信号可以，打游戏不卡，之前路由器时不时断流，比较稳定,2026-06-08 17:18:16
ZTE中兴AX3000M巡天版wifi6无线电竞路由器千兆端口双频家用全屋大中华户高速光纤穿墙为游戏智能子母mesh5G,中兴,139.77,WiFi6,全千兆网口,5,已安装，简单配置，信号还不错，之前买的其他牌子的都被雷打掉了，希望这个能挺久点 2天后追评：网络速度不错，比之前买的要好一点，颜值也还可以,2026-06-08 17:18:16
ZTE中兴AX3000M巡天版wifi6无线电竞路由器千兆端口双频家用全屋大中华户高速光纤穿墙为游戏智能子母mesh5G,中兴,139.77,WiFi6,全千兆网口,5,已安装，简单配置，信号还不错，之前买的其他牌子的都被雷打掉了，希望这个能挺久点,2026-06-08 17:18:16
ZTE中兴AX3000M巡天版wifi6无线电竞路由器千兆端口双频家用全屋大中华户高速光纤穿墙为游戏智能子母mesh5G,中兴,139.77,WiFi6,全千兆网口,5,2天后追评：网络速度不错，比之前买的要好一点，颜值也还可以,2026-06-08 17:18:16
ZTE中兴AX3000M巡天版wifi6无线电竞路由器千兆端口双频家用全屋大中华户高速光纤穿墙为游戏智能子母mesh5G,中兴,139.77,WiFi6,全千兆网口,5,该用户未填写评价内容 19天后追评：wifi6就是妙啊！中兴ax3000巡天版，果然名不虚传，给力的价格+给力的性能，100不到就解决问题，家里从客厅到卫生间，几乎都是满信号，app的设置也很人性化，总之我很满意，以后还会介绍朋友过来的。,2026-06-08 17:18:16
ZTE中兴AX3000M巡天版wifi6无线电竞路由器千兆端口双频家用全屋大中华户高速光纤穿墙为游戏智能子母mesh5G,中兴,139.77,WiFi6,全千兆网口,5,19天后追评：wifi6就是妙啊！中兴ax3000巡天版，果然名不虚传，给力的价格+给力的性能，100不到就解决问题，家里从客厅到卫生间，几乎都是满信号，app的设置也很人性化，总之我很满意，以后还会介绍朋友过来的。,2026-06-08 17:18:16
ZTE中兴AX3000M巡天版wifi6无线电竞路由器千兆端口双频家用全屋大中华户高速光纤穿墙为游戏智能子母mesh5G,中兴,139.77,WiFi6,全千兆网口,5,该用户未填写评价内容 23天后追评：装上以后信号好多了，玩游戏也不卡了，满意,2026-06-08 17:18:16
ZTE中兴AX3000M巡天版wifi6无线电竞路由器千兆端口双频家用全屋大中华户高速光纤穿墙为游戏智能子母mesh5G,中兴,139.77,WiFi6,全千兆网口,5,23天后追评：装上以后信号好多了，玩游戏也不卡了，满意,2026-06-08 17:18:16
ZTE中兴AX3000M巡天版wifi6无线电竞路由器千兆端口双频家用全屋大中华户高速光纤穿墙为游戏智能子母mesh5G,中兴,139.77,WiFi6,全千兆网口,4,该用户未填写评价内容 16天后追评：家里的路由器用了好多年了，这次换了新的，wifi流畅了好多信号也强了不少！,2026-06-08 17:18:16
ZTE中兴AX3000M巡天版wifi6无线电竞路由器千兆端口双频家用全屋大中华户高速光纤穿墙为游戏智能子母mesh5G,中兴,139.77,WiFi6,全千兆网口,4,16天后追评：家里的路由器用了好多年了，这次换了新的，wifi流畅了好多信号也强了不少！,2026-06-08 17:18:16
普联TP-LINK满血AX3000 wifi6无线路由器千兆家用高速tplink全屋覆盖大户型mesh宿舍穿墙xdr3010,TP-LINK,123.38,WiFi6,全千兆网口,4,T**8 2026年5月12日已购：标准套餐 / 【AX3000 Wi-Fi6 像素天线】TL-XDR3010 0 0 我的是宽带账号密码上网的。 一开始的时候我用的是自动连接，不行。 然后用了宽带账号+密码连上了，速度非常快。我之前也是TP的路由器，用了10来年了，实在不行了。 换了这一款，比之前的网速快了三倍。 一直用TP路由器。,2026-06-08 17:18:54
普联TP-LINK满血AX3000 wifi6无线路由器千兆家用高速tplink全屋覆盖大户型mesh宿舍穿墙xdr3010,TP-LINK,123.38,WiFi6,全千兆网口,4,氧*** 2026年5月18日已购：标准套餐 / 【AX1500 Wi-Fi6】TL-XDR1520易展版 0 0 拿回来就用了，蛮好的，操作起来很方便，也会发教程视频，价格比较中等，用起来很简单，蛮推荐的，信号还可以 当天追评：蛮好,2026-06-08 17:18:54
普联TP-LINK满血AX3000 wifi6无线路由器千兆家用高速tplink全屋覆盖大户型mesh宿舍穿墙xdr3010,TP-LINK,123.38,WiFi6,全千兆网口,1,机**星 2026年5月7日已购：标准套餐 / 【AX3000 Wi-Fi6 像素天线】TL-XDR3010 0 0 宝贝非常好用，颜值也高，网速很快推荐大家购买，这下再也不用担心家里会断网了，安装也很方便,2026-06-08 17:18:54
普联TP-LINK满血AX3000 wifi6无线路由器千兆家用高速tplink全屋覆盖大户型mesh宿舍穿墙xdr3010,TP-LINK,123.38,WiFi6,全千兆网口,5,匿名买家 2026年5月17日已购：标准套餐 / 【AX3000 Wi-Fi6 像素天线】TL-XDR3010 0 0 这款WiFi6路由器用下来真的很惊喜，连接特别稳定，之前家里隔两堵墙信号就断断续续，现在每个房间信号都满格，看视频、打游戏都不会卡顿。网速也比之前快了不少，下载大文件速度明显提升，用起来特别顺畅，完全符合描述，是一次很满意的购物。,2026-06-08 17:18:54
普联TP-LINK满血AX3000 wifi6无线路由器千兆家用高速tplink全屋覆盖大户型mesh宿舍穿墙xdr3010,TP-LINK,123.38,WiFi6,全千兆网口,5,匿名买家 2026年5月2日已购：标准套餐 / 【BE3600 Wi-Fi7】TL-7DR3600 0 0 收到货看了一下还不错，外观挺好看，买回来就安装了效果也挺好，小户型足够用了，最重要的是价格也不贵，现在也划算 7天后追评：使用两天整天感觉还不错，最主要是现在带几台设备够用不卡顿就行,2026-06-08 17:18:54
普联TP-LINK满血AX3000 wifi6无线路由器千兆家用高速tplink全屋覆盖大户型mesh宿舍穿墙xdr3010,TP-LINK,123.38,WiFi6,全千兆网口,5,t**o 2026年5月8日已购：标准套餐 / 【AX3000 Wi-Fi6 像素天线】TL-XDR3010 0 0 大品牌就是好网速稳定，而且Wi-Fi六非常快，穿墙效果也特别好，顺丰第二天就到了,2026-06-08 17:18:54
普联TP-LINK满血AX3000 wifi6无线路由器千兆家用高速tplink全屋覆盖大户型mesh宿舍穿墙xdr3010,TP-LINK,123.38,WiFi6,全千兆网口,5,匿名买家 2026年5月28日已购：标准套餐 / 【AX3000 Wi-Fi6 立式设计】TL-XDR3030 0 0 路由器得外观材质非常不错，看起来非常的高级，质量也很不错的，连上以后信号也食非常的不错。很推荐，也会推荐给朋友的。,2026-06-08 17:18:54
普联TP-LINK满血AX3000 wifi6无线路由器千兆家用高速tplink全屋覆盖大户型mesh宿舍穿墙xdr3010,TP-LINK,123.38,WiFi6,全千兆网口,5,临**渔 2026年5月25日已购：标准套餐 / 【AX3000 Wi-Fi6 像素天线】TL-XDR3010 1 2 质量很好，师傅安装的时候说这个路由器质量不错，值得用。我买的移动的300M网络，经过一些设置之后，一个人使用网速很快，网络稳定，网络延迟很低。,2026-06-08 17:18:54
普联TP-LINK满血AX3000 wifi6无线路由器千兆家用高速tplink全屋覆盖大户型mesh宿舍穿墙xdr3010,TP-LINK,123.38,WiFi6,全千兆网口,5,T**E 2026年5月24日已购：标准套餐 / 【AX3000 Wi-Fi6 像素天线】TL-XDR3010 0 0 TP-LINK AX3000路由器性价比超高！WiFi 6网速飞快，穿墙信号满格，设置简单，多设备连接也很稳定，强烈推荐！,2026-06-08 17:18:54
普联TP-LINK满血AX3000 wifi6无线路由器千兆家用高速tplink全屋覆盖大户型mesh宿舍穿墙xdr3010,TP-LINK,123.38,WiFi6,全千兆网口,5,匿名买家 2026年5月24日已购：标准套餐 / 【AX3000 Wi-Fi6 像素天线】TL-XDR3010 0 0 路由器一直买的都是TP家的，大品牌值得信赖，新号也很稳定，很满意的一次购物,2026-06-08 17:18:54
普联TP-LINK满血AX3000 wifi6无线路由器千兆家用高速tplink全屋覆盖大户型mesh宿舍穿墙xdr3010,TP-LINK,123.38,WiFi6,全千兆网口,4,我的是宽带账号密码上网的。 一开始的时候我用的是自动连接，不行。 然后用了宽带账号+密码连上了，速度非常快。我之前也是TP的路由器，用了10来年了，实在不行了。 换了这一款，比之前的网速快了三倍。 一直用TP路由器。,2026-06-08 17:18:54
普联TP-LINK满血AX3000 wifi6无线路由器千兆家用高速tplink全屋覆盖大户型mesh宿舍穿墙xdr3010,TP-LINK,123.38,WiFi6,全千兆网口,4,这款普联TP-LINK满血WiFi6路由器，简直是网络神器！银白配色，简约又大气，放在家里任何角落都百搭。速度飞快，信号超强，穿墙能力一流，再也不用担心家里角落没网了！而且设置超简单，插上就能用，简直是懒人福音。无论是追剧、打游戏还是办公，都能畅快无阻，网络体验直接拉满！强烈推荐！,2026-06-08 17:18:54
普联TP-LINK满血AX3000 wifi6无线路由器千兆家用高速tplink全屋覆盖大户型mesh宿舍穿墙xdr3010,TP-LINK,123.38,WiFi6,全千兆网口,4,拿回来就用了，蛮好的，操作起来很方便，也会发教程视频，价格比较中等，用起来很简单，蛮推荐的，信号还可以 当天追评：蛮好,2026-06-08 17:18:54
普联TP-LINK满血AX3000 wifi6无线路由器千兆家用高速tplink全屋覆盖大户型mesh宿舍穿墙xdr3010,TP-LINK,123.38,WiFi6,全千兆网口,4,拿回来就用了，蛮好的，操作起来很方便，也会发教程视频，价格比较中等，用起来很简单，蛮推荐的，信号还可以,2026-06-08 17:18:54
普联TP-LINK满血AX3000 wifi6无线路由器千兆家用高速tplink全屋覆盖大户型mesh宿舍穿墙xdr3010,TP-LINK,123.38,WiFi6,全千兆网口,1,宝贝非常好用，颜值也高，网速很快推荐大家购买，这下再也不用担心家里会断网了，安装也很方便,2026-06-08 17:18:54
普联TP-LINK满血AX3000 wifi6无线路由器千兆家用高速tplink全屋覆盖大户型mesh宿舍穿墙xdr3010,TP-LINK,123.38,WiFi6,全千兆网口,4,新的 BE3600 型号路由器已经使用了一段时间了，感觉非常好。从 2019 年到现在，为了自己家和双方父母家，已经陆陆续续在 tplink 买了十台路由器了。每当用了几年网速开始变慢的时候，再增加一台路由器 mash 组网，就能瞬间恢复网速。目前 19 年买的路由器依然能够正常使用，以后也会继续支持 tplink。,2026-06-08 17:18:54
普联TP-LINK满血AX3000 wifi6无线路由器千兆家用高速tplink全屋覆盖大户型mesh宿舍穿墙xdr3010,TP-LINK,123.38,WiFi6,全千兆网口,5,10天后追评：新的 wifi7 路由器网速快、信号稳定，三台 tplink 路由器 mesh 组网无缝转换，让每个房间都能看视频不卡顿。,2026-06-08 17:18:54
普联TP-LINK满血AX3000 wifi6无线路由器千兆家用高速tplink全屋覆盖大户型mesh宿舍穿墙xdr3010,TP-LINK,123.38,WiFi6,全千兆网口,5,这款WiFi6路由器用下来真的很惊喜，连接特别稳定，之前家里隔两堵墙信号就断断续续，现在每个房间信号都满格，看视频、打游戏都不会卡顿。网速也比之前快了不少，下载大文件速度明显提升，用起来特别顺畅，完全符合描述，是一次很满意的购物。,2026-06-08 17:18:54
普联TP-LINK满血AX3000 wifi6无线路由器千兆家用高速tplink全屋覆盖大户型mesh宿舍穿墙xdr3010,TP-LINK,123.38,WiFi6,全千兆网口,5,收到货看了一下还不错，外观挺好看，买回来就安装了效果也挺好，小户型足够用了，最重要的是价格也不贵，现在也划算 7天后追评：使用两天整天感觉还不错，最主要是现在带几台设备够用不卡顿就行,2026-06-08 17:18:54
普联TP-LINK满血AX3000 wifi6无线路由器千兆家用高速tplink全屋覆盖大户型mesh宿舍穿墙xdr3010,TP-LINK,123.38,WiFi6,全千兆网口,5,收到货看了一下还不错，外观挺好看，买回来就安装了效果也挺好，小户型足够用了，最重要的是价格也不贵，现在也划算,2026-06-08 17:18:54
普联TP-LINK满血AX3000 wifi6无线路由器千兆家用高速tplink全屋覆盖大户型mesh宿舍穿墙xdr3010,TP-LINK,123.38,WiFi6,全千兆网口,5,7天后追评：使用两天整天感觉还不错，最主要是现在带几台设备够用不卡顿就行,2026-06-08 17:18:54
普联TP-LINK满血AX3000 wifi6无线路由器千兆家用高速tplink全屋覆盖大户型mesh宿舍穿墙xdr3010,TP-LINK,123.38,WiFi6,全千兆网口,5,大品牌就是好网速稳定，而且Wi-Fi六非常快，穿墙效果也特别好，顺丰第二天就到了,2026-06-08 17:18:54
普联TP-LINK满血AX3000 wifi6无线路由器千兆家用高速tplink全屋覆盖大户型mesh宿舍穿墙xdr3010,TP-LINK,123.38,WiFi6,全千兆网口,1,换上这款路由器太惊喜了！Wi-Fi 6速度远超旧款，千兆端口网速拉满。120平房子全屋覆盖，卧室、卫生间信号都满格，穿墙力绝了。同时连手机、电视、游戏机十多台设备，一整天稳定不掉线，打游戏延迟超低，追剧流畅不缓冲，彻底告别卡顿烦恼。设置简单，APP管理便捷，还能管控孩子上网时间，功能实用，质感好，物超所值！,2026-06-08 17:18:54
普联TP-LINK满血AX3000 wifi6无线路由器千兆家用高速tplink全屋覆盖大户型mesh宿舍穿墙xdr3010,TP-LINK,123.38,WiFi6,全千兆网口,5,路由器得外观材质非常不错，看起来非常的高级，质量也很不错的，连上以后信号也食非常的不错。很推荐，也会推荐给朋友的。,2026-06-08 17:18:54
普联TP-LINK满血AX3000 wifi6无线路由器千兆家用高速tplink全屋覆盖大户型mesh宿舍穿墙xdr3010,TP-LINK,123.38,WiFi6,全千兆网口,5,质量很好，师傅安装的时候说这个路由器质量不错，值得用。我买的移动的300M网络，经过一些设置之后，一个人使用网速很快，网络稳定，网络延迟很低。,2026-06-08 17:18:54
普联TP-LINK满血AX3000 wifi6无线路由器千兆家用高速tplink全屋覆盖大户型mesh宿舍穿墙xdr3010,TP-LINK,123.38,WiFi6,全千兆网口,5,TP-LINK AX3000路由器性价比超高！WiFi 6网速飞快，穿墙信号满格，设置简单，多设备连接也很稳定，强烈推荐！,2026-06-08 17:18:54
普联TP-LINK满血AX3000 wifi6无线路由器千兆家用高速tplink全屋覆盖大户型mesh宿舍穿墙xdr3010,TP-LINK,123.38,WiFi6,全千兆网口,5,路由器一直买的都是TP家的，大品牌值得信赖，新号也很稳定，很满意的一次购物,2026-06-08 17:18:54
普联TP-LINK满血AX3000 wifi6无线路由器千兆家用高速tplink全屋覆盖大户型mesh宿舍穿墙xdr3010,TP-LINK,123.38,WiFi6,全千兆网口,5,爱**登 2026年5月30日已购：标准套餐 / 【AX1500 Wi-Fi6】TL-XDR1520 0 0 穿墙能力很弱,2026-06-08 17:18:54
普联TP-LINK满血AX3000 wifi6无线路由器千兆家用高速tplink全屋覆盖大户型mesh宿舍穿墙xdr3010,TP-LINK,123.38,WiFi6,全千兆网口,5,狗**鞋 2026年6月4日已购：标准套餐 / 【AX1500 Wi-Fi6】TL-XDR1520 0 0 整体评价：好 覆盖区域：好 连接速度：好,2026-06-08 17:18:54
普联TP-LINK满血AX3000 wifi6无线路由器千兆家用高速tplink全屋覆盖大户型mesh宿舍穿墙xdr3010,TP-LINK,123.38,WiFi6,全千兆网口,5,米**两 2026年6月4日已购：标准套餐 / 【AX1500 Wi-Fi6】TL-XDR1520 0 0 不错，网速很快 达到预期了同时买了一个华为的一个 tplink 的 都很好👍👍👍,2026-06-08 17:18:54
普联TP-LINK满血AX3000 wifi6无线路由器千兆家用高速tplink全屋覆盖大户型mesh宿舍穿墙xdr3010,TP-LINK,123.38,WiFi6,全千兆网口,5,匿名买家 2026年5月28日已购：标准套餐 / 【AX1500 Wi-Fi6】TL-XDR1520 0 0 价格实惠，还是大品牌，买回来就用了，快递也非常快，总体很满意，性价比很高，颜色非常大气，真的不错，推荐购买 当天追评：连接上了，非常好用，满意，下次还会过来。,2026-06-08 17:18:54
普联TP-LINK满血AX3000 wifi6无线路由器千兆家用高速tplink全屋覆盖大户型mesh宿舍穿墙xdr3010,TP-LINK,123.38,WiFi6,全千兆网口,5,整体评价：好 覆盖区域：好 连接速度：好,2026-06-08 17:18:54
普联TP-LINK满血AX3000 wifi6无线路由器千兆家用高速tplink全屋覆盖大户型mesh宿舍穿墙xdr3010,TP-LINK,123.38,WiFi6,全千兆网口,5,不错，网速很快 达到预期了同时买了一个华为的一个 tplink 的 都很好👍👍👍,2026-06-08 17:18:54
普联TP-LINK满血AX3000 wifi6无线路由器千兆家用高速tplink全屋覆盖大户型mesh宿舍穿墙xdr3010,TP-LINK,123.38,WiFi6,全千兆网口,5,价格实惠，还是大品牌，买回来就用了，快递也非常快，总体很满意，性价比很高，颜色非常大气，真的不错，推荐购买 当天追评：连接上了，非常好用，满意，下次还会过来。,2026-06-08 17:18:54
普联TP-LINK满血AX3000 wifi6无线路由器千兆家用高速tplink全屋覆盖大户型mesh宿舍穿墙xdr3010,TP-LINK,123.38,WiFi6,全千兆网口,5,价格实惠，还是大品牌，买回来就用了，快递也非常快，总体很满意，性价比很高，颜色非常大气，真的不错，推荐购买,2026-06-08 17:18:54
普联TP-LINK满血AX3000 wifi6无线路由器千兆家用高速tplink全屋覆盖大户型mesh宿舍穿墙xdr3010,TP-LINK,123.38,WiFi6,全千兆网口,5,当天追评：连接上了，非常好用，满意，下次还会过来。,2026-06-08 17:18:54
普联TP-LINK满血AX3000 wifi6无线路由器千兆家用高速tplink全屋覆盖大户型mesh宿舍穿墙xdr3010,TP-LINK,123.38,WiFi6,全千兆网口,5,匿名买家 2026年5月28日已购：标准套餐 / 【AX1500 Wi-Fi6】TL-XDR1520 0 0 价格实惠，还是大品牌，买回来就用了，快递也非常快，总体很满意，性价比很高，颜色非常大气，真的不错，推荐购买 当天追评：连接上了，非常好用，满意，下次还会过来。 已折叠27926条对你帮助不大的评价,2026-06-08 17:18:54
小米路由器高速AX3000T等 穿墙wifi6无线路由器千兆高速全屋覆盖大户型宿舍5G千兆学生宿舍家用双频路由器,小米,129.00,WiFi6,2.5G 网口,5,m4ssp 2026-06-03已购：标准配置 / 小米路由器AX3000T 小米的这款路由器太香了！WiFi6网速拉满，千兆网口跑满宽带，信号稳穿墙也不错，多设备连不卡顿，Mesh组网超方便，两百多块性价比直接拉满，家用闭眼入！,2026-06-08 17:19:45
小米路由器高速AX3000T等 穿墙wifi6无线路由器千兆高速全屋覆盖大户型宿舍5G千兆学生宿舍家用双频路由器,小米,129.00,WiFi6,2.5G 网口,5,喜欢找宝贝的小子 2026-05-29已购：标准配置 / 小米路由器AX3000T 成功了比较简单，按照步骤一步一步来，肯定能配网成功，小米的就是好用。,2026-06-08 17:19:45
小米路由器高速AX3000T等 穿墙wifi6无线路由器千兆高速全屋覆盖大户型宿舍5G千兆学生宿舍家用双频路由器,小米,129.00,WiFi6,2.5G 网口,5,m**p 2026年6月3日已购：标准配置 / 小米路由器AX3000T 0 0 小米的这款路由器太香了！WiFi6网速拉满，千兆网口跑满宽带，信号稳穿墙也不错，多设备连不卡顿，Mesh组网超方便，两百多块性价比直接拉满，家用闭眼入！,2026-06-08 17:19:45
小米路由器高速AX3000T等 穿墙wifi6无线路由器千兆高速全屋覆盖大户型宿舍5G千兆学生宿舍家用双频路由器,小米,129.00,WiFi6,2.5G 网口,5,喜**子 2026年5月29日已购：标准配置 / 小米路由器AX3000T 0 0 成功了比较简单，按照步骤一步一步来，肯定能配网成功，小米的就是好用。,2026-06-08 17:19:45
小米路由器高速AX3000T等 穿墙wifi6无线路由器千兆高速全屋覆盖大户型宿舍5G千兆学生宿舍家用双频路由器,小米,129.00,WiFi6,2.5G 网口,5,匿名买家 2026年5月31日已购：标准配置 / 小米路由器AX3000T 0 0 挺不错的，家里无线网连不上，打电话报修之后运营商维护人员建议自己买一个路由器，然后再上门调试 收到之后，看了说明书就这么连上了，也不需要维护人员上门调试了,2026-06-08 17:19:45
小米路由器高速AX3000T等 穿墙wifi6无线路由器千兆高速全屋覆盖大户型宿舍5G千兆学生宿舍家用双频路由器,小米,129.00,WiFi6,2.5G 网口,5,匿名买家 2026年5月13日已购：标准配置 / 小米路由器AX3000T 0 0 终于把旧的小米wifi换啦 信号强，整体不错，网速飞快，性价比高 覆盖区域：放客厅全家套内七十多平都有信号,2026-06-08 17:19:45
小米路由器高速AX3000T等 穿墙wifi6无线路由器千兆高速全屋覆盖大户型宿舍5G千兆学生宿舍家用双频路由器,小米,129.00,WiFi6,2.5G 网口,5,匿名买家 2026年6月3日已购：标准配置 / 小米路由器AX3000T 0 0 挺好的，颜值挺高，信号也很好，还不错呢！,2026-06-08 17:19:45
小米路由器高速AX3000T等 穿墙wifi6无线路由器千兆高速全屋覆盖大户型宿舍5G千兆学生宿舍家用双频路由器,小米,129.00,WiFi6,2.5G 网口,5,髦**淘 2026年5月25日已购：标准配置 / 小米路由器AX1500 0 0 换了小米AX1500路由器，无线有线网速明显增加，网速能力跟上了宽带。 买来收货挺满意，路由器覆盖全屋信号稳,2026-06-08 17:19:45
小米路由器高速AX3000T等 穿墙wifi6无线路由器千兆高速全屋覆盖大户型宿舍5G千兆学生宿舍家用双频路由器,小米,129.00,WiFi6,2.5G 网口,5,ゝ**， 2026年5月22日已购：标准配置 / Xiaomi 路由器 BE3600 2.5G版 0 0 小米路由器，颜值很高，而且传输速度很快，1000兆的能跑860左右，已经很不错了，期待用的久一点。已经推荐给朋友们了。,2026-06-08 17:19:45
小米路由器高速AX3000T等 穿墙wifi6无线路由器千兆高速全屋覆盖大户型宿舍5G千兆学生宿舍家用双频路由器,小米,129.00,WiFi6,2.5G 网口,1,匿名买家 2026年5月18日已购：标准配置 / 小米路由器AX3000T 0 0 百元价位能买到这种性能的路由器非常划算，尤其适合中小户型、智能家居设备多的家庭。如果你受够了频繁断网，闭眼入这款准没错！,2026-06-08 17:19:45
小米路由器高速AX3000T等 穿墙wifi6无线路由器千兆高速全屋覆盖大户型宿舍5G千兆学生宿舍家用双频路由器,小米,129.00,WiFi6,2.5G 网口,4,哈**4 2026年5月16日已购：标准配置 / 小米路由器AX3000T 0 0 我家120平，放客厅中间，卧室厨房信号都满格，打游戏刷视频没卡过。设置挺简单，APP操作也方便，性价比可以~,2026-06-08 17:19:45
小米路由器高速AX3000T等 穿墙wifi6无线路由器千兆高速全屋覆盖大户型宿舍5G千兆学生宿舍家用双频路由器,小米,129.00,WiFi6,2.5G 网口,4,寻**雪 2026年4月19日已购：标准配置 / 小米路由器AX3000T 0 2 信号很强，在这个价位性价比很高，用起来挺好，比我之前营业厅买的阉割版遥遥领先好太多,2026-06-08 17:19:45
小米路由器高速AX3000T等 穿墙wifi6无线路由器千兆高速全屋覆盖大户型宿舍5G千兆学生宿舍家用双频路由器,小米,129.00,WiFi6,2.5G 网口,5,匿名买家 2026年5月28日已购：标准配置 / 小米路由器AX3000T 0 0 路由器不大，放桌上不占地方。 信号稳定，初次连接方便，很好,2026-06-08 17:19:45
小米路由器高速AX3000T等 穿墙wifi6无线路由器千兆高速全屋覆盖大户型宿舍5G千兆学生宿舍家用双频路由器,小米,129.00,WiFi6,2.5G 网口,5,匿名买家 2026年5月28日已购：标准配置 / 小米路由器AX3000T 0 0 路由器速度确实快，玩游戏不卡顿，很流畅。网线也很快，调试也很简单快捷。,2026-06-08 17:19:45
小米路由器高速AX3000T等 穿墙wifi6无线路由器千兆高速全屋覆盖大户型宿舍5G千兆学生宿舍家用双频路由器,小米,129.00,WiFi6,2.5G 网口,5,t**h 2026年5月24日已购：标准配置 / Xiaomi 路由器 BE3600 2.5G版 0 0 覆盖区域很满意网速很快信号很好换了那么多路由器这一款我最满意的,2026-06-08 17:19:45
小米路由器高速AX3000T等 穿墙wifi6无线路由器千兆高速全屋覆盖大户型宿舍5G千兆学生宿舍家用双频路由器,小米,129.00,WiFi6,2.5G 网口,5,小米的这款路由器太香了！WiFi6网速拉满，千兆网口跑满宽带，信号稳穿墙也不错，多设备连不卡顿，Mesh组网超方便，两百多块性价比直接拉满，家用闭眼入！,2026-06-08 17:19:45
小米路由器高速AX3000T等 穿墙wifi6无线路由器千兆高速全屋覆盖大户型宿舍5G千兆学生宿舍家用双频路由器,小米,129.00,WiFi6,2.5G 网口,5,成功了比较简单，按照步骤一步一步来，肯定能配网成功，小米的就是好用。,2026-06-08 17:19:45
小米路由器高速AX3000T等 穿墙wifi6无线路由器千兆高速全屋覆盖大户型宿舍5G千兆学生宿舍家用双频路由器,小米,129.00,WiFi6,2.5G 网口,4,WiFi 6路由器 好评榜·第3名,2026-06-08 17:19:45
小米路由器高速AX3000T等 穿墙wifi6无线路由器千兆高速全屋覆盖大户型宿舍5G千兆学生宿舍家用双频路由器,小米,129.00,WiFi6,2.5G 网口,4,小米路由器AX3000T 店长主推 小米路由器AX1500 Xiaomi 路由器 BE3600 2.5G版 万人加购 Xiaomi路由器BE3600 （黑色） Xiaomi路由器BE3600,2026-06-08 17:19:45
小米路由器高速AX3000T等 穿墙wifi6无线路由器千兆高速全屋覆盖大户型宿舍5G千兆学生宿舍家用双频路由器,小米,129.00,WiFi6,2.5G 网口,5,挺不错的，家里无线网连不上，打电话报修之后运营商维护人员建议自己买一个路由器，然后再上门调试 收到之后，看了说明书就这么连上了，也不需要维护人员上门调试了,2026-06-08 17:19:45
小米路由器高速AX3000T等 穿墙wifi6无线路由器千兆高速全屋覆盖大户型宿舍5G千兆学生宿舍家用双频路由器,小米,129.00,WiFi6,2.5G 网口,5,终于把旧的小米wifi换啦 信号强，整体不错，网速飞快，性价比高 覆盖区域：放客厅全家套内七十多平都有信号,2026-06-08 17:19:45
小米路由器高速AX3000T等 穿墙wifi6无线路由器千兆高速全屋覆盖大户型宿舍5G千兆学生宿舍家用双频路由器,小米,129.00,WiFi6,2.5G 网口,5,挺好的，颜值挺高，信号也很好，还不错呢！,2026-06-08 17:19:45
小米路由器高速AX3000T等 穿墙wifi6无线路由器千兆高速全屋覆盖大户型宿舍5G千兆学生宿舍家用双频路由器,小米,129.00,WiFi6,2.5G 网口,5,换了小米AX1500路由器，无线有线网速明显增加，网速能力跟上了宽带。 买来收货挺满意，路由器覆盖全屋信号稳,2026-06-08 17:19:45
小米路由器高速AX3000T等 穿墙wifi6无线路由器千兆高速全屋覆盖大户型宿舍5G千兆学生宿舍家用双频路由器,小米,129.00,WiFi6,2.5G 网口,5,小米路由器，颜值很高，而且传输速度很快，1000兆的能跑860左右，已经很不错了，期待用的久一点。已经推荐给朋友们了。,2026-06-08 17:19:45
小米路由器高速AX3000T等 穿墙wifi6无线路由器千兆高速全屋覆盖大户型宿舍5G千兆学生宿舍家用双频路由器,小米,129.00,WiFi6,2.5G 网口,1,百元价位能买到这种性能的路由器非常划算，尤其适合中小户型、智能家居设备多的家庭。如果你受够了频繁断网，闭眼入这款准没错！,2026-06-08 17:19:45
小米路由器高速AX3000T等 穿墙wifi6无线路由器千兆高速全屋覆盖大户型宿舍5G千兆学生宿舍家用双频路由器,小米,129.00,WiFi6,2.5G 网口,4,我家120平，放客厅中间，卧室厨房信号都满格，打游戏刷视频没卡过。设置挺简单，APP操作也方便，性价比可以~,2026-06-08 17:19:45
小米路由器高速AX3000T等 穿墙wifi6无线路由器千兆高速全屋覆盖大户型宿舍5G千兆学生宿舍家用双频路由器,小米,129.00,WiFi6,2.5G 网口,4,信号很强，在这个价位性价比很高，用起来挺好，比我之前营业厅买的阉割版遥遥领先好太多,2026-06-08 17:19:45
小米路由器高速AX3000T等 穿墙wifi6无线路由器千兆高速全屋覆盖大户型宿舍5G千兆学生宿舍家用双频路由器,小米,129.00,WiFi6,2.5G 网口,5,网速确实快，刷视频不卡顿，感觉很不错 商家回复：感恩您的支持，不忘初心，坚持做好每一款产品。3000 兆级无线速率：畅享极速 WiFi6，2.4GHz（2*2 574Mbps 40MHz）；5GHz（2*2，2402Mbps 支持 160MHz）。小米用真诚回应每一份需求，用热爱打磨每一处细节，愿这款产品能成为您生活里的得力助手~ 更多,2026-06-08 17:19:45
小米路由器高速AX3000T等 穿墙wifi6无线路由器千兆高速全屋覆盖大户型宿舍5G千兆学生宿舍家用双频路由器,小米,129.00,WiFi6,2.5G 网口,5,网速确实快，刷视频不卡顿，感觉很不错,2026-06-08 17:19:45
小米路由器高速AX3000T等 穿墙wifi6无线路由器千兆高速全屋覆盖大户型宿舍5G千兆学生宿舍家用双频路由器,小米,129.00,WiFi6,2.5G 网口,5,路由器不大，放桌上不占地方。 信号稳定，初次连接方便，很好,2026-06-08 17:19:45
小米路由器高速AX3000T等 穿墙wifi6无线路由器千兆高速全屋覆盖大户型宿舍5G千兆学生宿舍家用双频路由器,小米,129.00,WiFi6,2.5G 网口,5,路由器速度确实快，玩游戏不卡顿，很流畅。网线也很快，调试也很简单快捷。,2026-06-08 17:19:45
小米路由器高速AX3000T等 穿墙wifi6无线路由器千兆高速全屋覆盖大户型宿舍5G千兆学生宿舍家用双频路由器,小米,129.00,WiFi6,2.5G 网口,5,覆盖区域很满意网速很快信号很好换了那么多路由器这一款我最满意的,2026-06-08 17:19:45
小米路由器高速AX3000T等 穿墙wifi6无线路由器千兆高速全屋覆盖大户型宿舍5G千兆学生宿舍家用双频路由器,小米,129.00,WiFi6,2.5G 网口,4,"t**g 2026年4月28日已购：标准配置 / Xiaomi 路由器 BE3600 2.5G版 0 0 很好！毕竟是大牌货！网速快，穿墙力极强！ 商家回复：感谢您选择小米，感恩信任，用心服务~当您在家里走动时,会在毫秒内帮助你接入速度最快的路由器节点,即使其中一台出现故障,网络也能提供秒级自愈响应。持续努力不断成长是我们对自己的要求，感谢一路相伴。 更多",2026-06-08 17:19:45
小米路由器高速AX3000T等 穿墙wifi6无线路由器千兆高速全屋覆盖大户型宿舍5G千兆学生宿舍家用双频路由器,小米,129.00,WiFi6,2.5G 网口,4,t**9 2026年4月27日已购：标准配置 / 小米路由器AX3000T 0 0 覆盖区域：30 传输效果：挺好 连接速度：10M+ 外观材质：好看，不丑 整体评价：5⭐半,2026-06-08 17:19:45
小米路由器高速AX3000T等 穿墙wifi6无线路由器千兆高速全屋覆盖大户型宿舍5G千兆学生宿舍家用双频路由器,小米,129.00,WiFi6,2.5G 网口,4,Q**T 2026年5月9日已购：标准配置 / 小米路由器AX3000T 0 0 买来就装上了，简单易懂， 连接速度也很流畅，我自己一个单间租房住够用。,2026-06-08 17:19:45
小米路由器高速AX3000T等 穿墙wifi6无线路由器千兆高速全屋覆盖大户型宿舍5G千兆学生宿舍家用双频路由器,小米,129.00,WiFi6,2.5G 网口,5,匿名买家 2026年4月16日已购：标准配置 / 小米路由器AX3000T 0 0 网速快，价格便宜，送货快，覆盖区域广 商家回复：感谢您的支持与肯定，为您带来稳定好用、放心靠谱的产品，是我们最大的动力。4 颗高功率信号放大器带来更强劲的穿墙效果，更广的覆盖范围，轻松覆盖三居室。小米会带着热爱与真诚，持续进化，让全球每个人都能享受科技带来的美好生活~ 更多,2026-06-08 17:19:45
小米路由器高速AX3000T等 穿墙wifi6无线路由器千兆高速全屋覆盖大户型宿舍5G千兆学生宿舍家用双频路由器,小米,129.00,WiFi6,2.5G 网口,5,彩**想 2026年5月30日已购：标准配置 / 小米路由器AX3000T 0 0 好用 自己搞光猫联网就很好用 但是局域网要设置静态网 不会设置可以考虑其他型号,2026-06-08 17:19:45
小米路由器高速AX3000T等 穿墙wifi6无线路由器千兆高速全屋覆盖大户型宿舍5G千兆学生宿舍家用双频路由器,小米,129.00,WiFi6,2.5G 网口,4,匿名买家 2026年5月27日已购：标准配置 / 小米路由器AX3000T 0 0 用了十几年的路由器光荣退休了，上网速度也提升了。,2026-06-08 17:19:45
小米路由器高速AX3000T等 穿墙wifi6无线路由器千兆高速全屋覆盖大户型宿舍5G千兆学生宿舍家用双频路由器,小米,129.00,WiFi6,2.5G 网口,5,y**i 2026年5月26日已购：标准配置 / 小米路由器AX3000T 0 0 连网速度挺快的，刷视频基本不卡顿，用着还算顺手。就是不知道后续稳不稳定，先给个好评看看～,2026-06-08 17:19:45
小米路由器高速AX3000T等 穿墙wifi6无线路由器千兆高速全屋覆盖大户型宿舍5G千兆学生宿舍家用双频路由器,小米,129.00,WiFi6,2.5G 网口,4,流**9 2026年5月26日已购：标准配置 / 小米路由器AX3000T 0 0 质量好，网速快，服务到位、性价比高。,2026-06-08 17:19:45
小米路由器高速AX3000T等 穿墙wifi6无线路由器千兆高速全屋覆盖大户型宿舍5G千兆学生宿舍家用双频路由器,小米,129.00,WiFi6,2.5G 网口,5,F**4 2026年5月25日已购：标准配置 / Xiaomi 路由器 BE3600 2.5G版 0 0 不错颜值很高，网速也好，在厕所信号都好,2026-06-08 17:19:45
小米路由器高速AX3000T等 穿墙wifi6无线路由器千兆高速全屋覆盖大户型宿舍5G千兆学生宿舍家用双频路由器,小米,129.00,WiFi6,2.5G 网口,4,p**1 2026年5月22日已购：标准配置 / 小米路由器AX3000T 0 0 路由器收到了还没接线安装，小米品牌的产品质量值得信赖。,2026-06-08 17:19:45
小米路由器高速AX3000T等 穿墙wifi6无线路由器千兆高速全屋覆盖大户型宿舍5G千兆学生宿舍家用双频路由器,小米,129.00,WiFi6,2.5G 网口,4,星**雨 2026年5月21日已购：标准配置 / 小米路由器AX3000T 0 0 质量特别顶，还送了个网线，网络速度挺快,2026-06-08 17:19:45
小米路由器高速AX3000T等 穿墙wifi6无线路由器千兆高速全屋覆盖大户型宿舍5G千兆学生宿舍家用双频路由器,小米,129.00,WiFi6,2.5G 网口,4,z**g 2026年5月1日已购：标准配置 / 小米路由器AX3000T 0 0 Mesh组网太方便了，且信号非常好！,2026-06-08 17:19:45
小米路由器高速AX3000T等 穿墙wifi6无线路由器千兆高速全屋覆盖大户型宿舍5G千兆学生宿舍家用双频路由器,小米,129.00,WiFi6,2.5G 网口,5,达**叔 2026年4月18日已购：标准配置 / 小米路由器AX3000T 0 0 小米路由器用十几年了，这次AX3000T替换下旧的4A千兆版放店里用了，感觉新的比旧的信号强一些，设置也更简单了，喜欢白色简洁的外观，性价比也很不错～,2026-06-08 17:19:45
小米路由器高速AX3000T等 穿墙wifi6无线路由器千兆高速全屋覆盖大户型宿舍5G千兆学生宿舍家用双频路由器,小米,129.00,WiFi6,2.5G 网口,5,再**桥 2026年5月13日已购：标准配置 / 小米路由器AX3000T 0 0 网络很快，一点也不卡，质量挺好的,2026-06-08 17:19:45
小米路由器高速AX3000T等 穿墙wifi6无线路由器千兆高速全屋覆盖大户型宿舍5G千兆学生宿舍家用双频路由器,小米,129.00,WiFi6,2.5G 网口,4,"很好！毕竟是大牌货！网速快，穿墙力极强！ 商家回复：感谢您选择小米，感恩信任，用心服务~当您在家里走动时,会在毫秒内帮助你接入速度最快的路由器节点,即使其中一台出现故障,网络也能提供秒级自愈响应。持续努力不断成长是我们对自己的要求，感谢一路相伴。 更多",2026-06-08 17:19:45
小米路由器高速AX3000T等 穿墙wifi6无线路由器千兆高速全屋覆盖大户型宿舍5G千兆学生宿舍家用双频路由器,小米,129.00,WiFi6,2.5G 网口,4,很好！毕竟是大牌货！网速快，穿墙力极强！,2026-06-08 17:19:45
小米路由器高速AX3000T等 穿墙wifi6无线路由器千兆高速全屋覆盖大户型宿舍5G千兆学生宿舍家用双频路由器,小米,129.00,WiFi6,2.5G 网口,4,覆盖区域：30 传输效果：挺好 连接速度：10M+ 外观材质：好看，不丑 整体评价：5⭐半,2026-06-08 17:19:45
小米路由器高速AX3000T等 穿墙wifi6无线路由器千兆高速全屋覆盖大户型宿舍5G千兆学生宿舍家用双频路由器,小米,129.00,WiFi6,2.5G 网口,4,买来就装上了，简单易懂， 连接速度也很流畅，我自己一个单间租房住够用。,2026-06-08 17:19:45
小米路由器高速AX3000T等 穿墙wifi6无线路由器千兆高速全屋覆盖大户型宿舍5G千兆学生宿舍家用双频路由器,小米,129.00,WiFi6,2.5G 网口,5,网速快，价格便宜，送货快，覆盖区域广 商家回复：感谢您的支持与肯定，为您带来稳定好用、放心靠谱的产品，是我们最大的动力。4 颗高功率信号放大器带来更强劲的穿墙效果，更广的覆盖范围，轻松覆盖三居室。小米会带着热爱与真诚，持续进化，让全球每个人都能享受科技带来的美好生活~ 更多,2026-06-08 17:19:45
小米路由器高速AX3000T等 穿墙wifi6无线路由器千兆高速全屋覆盖大户型宿舍5G千兆学生宿舍家用双频路由器,小米,129.00,WiFi6,2.5G 网口,4,网速快，价格便宜，送货快，覆盖区域广,2026-06-08 17:19:45
小米路由器高速AX3000T等 穿墙wifi6无线路由器千兆高速全屋覆盖大户型宿舍5G千兆学生宿舍家用双频路由器,小米,129.00,WiFi6,2.5G 网口,5,老款路由器用了太久了，一个手机连接WIFI只有100M，看个直播都看不了，老是卡死，网上找了好多个品牌，几10块上百块，什么样都有，这个虽然100多块，这个好用啊，网速杠杠的，家用很好用，如果多人用WIFI的话，建议买更好的，买200多块的，小米这个品牌也是，别人推荐给我，挺好用的，,2026-06-08 17:19:45
小米路由器高速AX3000T等 穿墙wifi6无线路由器千兆高速全屋覆盖大户型宿舍5G千兆学生宿舍家用双频路由器,小米,129.00,WiFi6,2.5G 网口,5,好用 自己搞光猫联网就很好用 但是局域网要设置静态网 不会设置可以考虑其他型号,2026-06-08 17:19:45
小米路由器高速AX3000T等 穿墙wifi6无线路由器千兆高速全屋覆盖大户型宿舍5G千兆学生宿舍家用双频路由器,小米,129.00,WiFi6,2.5G 网口,4,用了十几年的路由器光荣退休了，上网速度也提升了。,2026-06-08 17:19:45
小米路由器高速AX3000T等 穿墙wifi6无线路由器千兆高速全屋覆盖大户型宿舍5G千兆学生宿舍家用双频路由器,小米,129.00,WiFi6,2.5G 网口,5,连网速度挺快的，刷视频基本不卡顿，用着还算顺手。就是不知道后续稳不稳定，先给个好评看看～,2026-06-08 17:19:45
小米路由器高速AX3000T等 穿墙wifi6无线路由器千兆高速全屋覆盖大户型宿舍5G千兆学生宿舍家用双频路由器,小米,129.00,WiFi6,2.5G 网口,4,质量好，网速快，服务到位、性价比高。,2026-06-08 17:19:45
小米路由器高速AX3000T等 穿墙wifi6无线路由器千兆高速全屋覆盖大户型宿舍5G千兆学生宿舍家用双频路由器,小米,129.00,WiFi6,2.5G 网口,5,整体评价： 外观材质： 覆盖区域： 这款路由器性能不错，信号覆盖范围很广，家里各个角落都能轻松连接，使用体验很满意。 商家回复：谢谢您的信任与支持，能为您带来安心又好用的产品，是我们最大的动力。4 颗高功率信号放大器带来更强劲的穿墙效果，更广的覆盖范围，轻松覆盖三居室。工程师思维打磨细节，用品质说话~ 更多,2026-06-08 17:19:45
小米路由器高速AX3000T等 穿墙wifi6无线路由器千兆高速全屋覆盖大户型宿舍5G千兆学生宿舍家用双频路由器,小米,129.00,WiFi6,2.5G 网口,5,整体评价： 外观材质： 覆盖区域： 这款路由器性能不错，信号覆盖范围很广，家里各个角落都能轻松连接，使用体验很满意。,2026-06-08 17:19:45
小米路由器高速AX3000T等 穿墙wifi6无线路由器千兆高速全屋覆盖大户型宿舍5G千兆学生宿舍家用双频路由器,小米,129.00,WiFi6,2.5G 网口,5,不错颜值很高，网速也好，在厕所信号都好,2026-06-08 17:19:45
小米路由器高速AX3000T等 穿墙wifi6无线路由器千兆高速全屋覆盖大户型宿舍5G千兆学生宿舍家用双频路由器,小米,129.00,WiFi6,2.5G 网口,4,路由器收到了还没接线安装，小米品牌的产品质量值得信赖。,2026-06-08 17:19:45
小米路由器高速AX3000T等 穿墙wifi6无线路由器千兆高速全屋覆盖大户型宿舍5G千兆学生宿舍家用双频路由器,小米,129.00,WiFi6,2.5G 网口,4,质量特别顶，还送了个网线，网络速度挺快,2026-06-08 17:19:45
小米路由器高速AX3000T等 穿墙wifi6无线路由器千兆高速全屋覆盖大户型宿舍5G千兆学生宿舍家用双频路由器,小米,129.00,WiFi6,2.5G 网口,4,Mesh组网太方便了，且信号非常好！,2026-06-08 17:19:45
小米路由器高速AX3000T等 穿墙wifi6无线路由器千兆高速全屋覆盖大户型宿舍5G千兆学生宿舍家用双频路由器,小米,129.00,WiFi6,2.5G 网口,5,小米路由器用十几年了，这次AX3000T替换下旧的4A千兆版放店里用了，感觉新的比旧的信号强一些，设置也更简单了，喜欢白色简洁的外观，性价比也很不错～,2026-06-08 17:19:45
小米路由器高速AX3000T等 穿墙wifi6无线路由器千兆高速全屋覆盖大户型宿舍5G千兆学生宿舍家用双频路由器,小米,129.00,WiFi6,2.5G 网口,5,网络很快，一点也不卡，质量挺好的,2026-06-08 17:19:45
小米路由器高速AX3000T等 穿墙wifi6无线路由器千兆高速全屋覆盖大户型宿舍5G千兆学生宿舍家用双频路由器,小米,129.00,WiFi6,2.5G 网口,5,外型美观大气，很不错，连接速度也很快满意👍 商家回复：感谢对产品的认可，这份肯定让前行更有方向~通过米家APP，支持管理孩子上网设备的使用时长，并限制多种App*和网站访问，有效养成良好的上网习惯，防沉迷。此外，AX3000T贴心提供防蹭网、访客专用网络等管理机制，时刻保护您的隐私和网络安全，帮您全面管理网络。秉持科技向善，以用心打造安心产品。 更多,2026-06-08 17:19:45
小米路由器高速AX3000T等 穿墙wifi6无线路由器千兆高速全屋覆盖大户型宿舍5G千兆学生宿舍家用双频路由器,小米,129.00,WiFi6,2.5G 网口,5,外型美观大气，很不错，连接速度也很快满意👍,2026-06-08 17:19:45
小米路由器高速AX3000T等 穿墙wifi6无线路由器千兆高速全屋覆盖大户型宿舍5G千兆学生宿舍家用双频路由器,小米,129.00,WiFi6,2.5G 网口,5,平**w 2026年5月12日已购：标准配置 / Xiaomi 路由器 BE3600 2.5G版 0 1 信号极好，穿墙信号无损，我家院子30米长，在大门外信号都满格信号,2026-06-08 17:19:45
小米路由器高速AX3000T等 穿墙wifi6无线路由器千兆高速全屋覆盖大户型宿舍5G千兆学生宿舍家用双频路由器,小米,129.00,WiFi6,2.5G 网口,5,世**善 2026年5月6日已购：标准配置 / 小米路由器AX3000T 0 0 不错！很好用，操做方法简单，拿回来几分钟就连接好了,2026-06-08 17:19:45
小米路由器高速AX3000T等 穿墙wifi6无线路由器千兆高速全屋覆盖大户型宿舍5G千兆学生宿舍家用双频路由器,小米,129.00,WiFi6,2.5G 网口,5,匿名买家 2026年6月3日已购：标准配置 / 小米路由器AX3000T 0 0 买来收货后测试，全屋都能连上，信号挺稳的。,2026-06-08 17:19:45
小米路由器高速AX3000T等 穿墙wifi6无线路由器千兆高速全屋覆盖大户型宿舍5G千兆学生宿舍家用双频路由器,小米,129.00,WiFi6,2.5G 网口,1,用**1 2026年6月3日已购：标准配置 / 小米路由器AX3000T 0 0 信号很稳，连着不掉线。 用了几天来评价的，挺好的，网络不卡了！推荐一下,2026-06-08 17:19:45
小米路由器高速AX3000T等 穿墙wifi6无线路由器千兆高速全屋覆盖大户型宿舍5G千兆学生宿舍家用双频路由器,小米,129.00,WiFi6,2.5G 网口,5,关**你 2026年6月1日已购：标准配置 / Xiaomi 路由器 BE3600 2.5G版 0 0 可以，对得起这个价格上网不会卡，我两个手机一个电脑用着一点不卡,2026-06-08 17:19:45
小米路由器高速AX3000T等 穿墙wifi6无线路由器千兆高速全屋覆盖大户型宿舍5G千兆学生宿舍家用双频路由器,小米,129.00,WiFi6,2.5G 网口,5,润**s 2026年4月21日已购：标准配置 / 小米路由器AX1500 0 0 信号强，1000W的网线，有六七百的速度。不错,2026-06-08 17:19:45
小米路由器高速AX3000T等 穿墙wifi6无线路由器千兆高速全屋覆盖大户型宿舍5G千兆学生宿舍家用双频路由器,小米,129.00,WiFi6,2.5G 网口,5,米**海 2026年5月29日已购：标准配置 / Xiaomi 路由器 BE3600 2.5G版 0 0 很好，质量很好的哦值得推荐购买。,2026-06-08 17:19:45
小米路由器高速AX3000T等 穿墙wifi6无线路由器千兆高速全屋覆盖大户型宿舍5G千兆学生宿舍家用双频路由器,小米,129.00,WiFi6,2.5G 网口,5,I**运 2026年5月3日已购：标准配置 / 小米路由器AX3000T 0 0 弄了一个多小时终于连上了，希望好用，暂时看不太出来，但是有米家很方便,2026-06-08 17:19:45
小米路由器高速AX3000T等 穿墙wifi6无线路由器千兆高速全屋覆盖大户型宿舍5G千兆学生宿舍家用双频路由器,小米,129.00,WiFi6,2.5G 网口,5,传**七 2026年5月26日已购：标准配置 / 小米路由器AX3000T 0 0 收到后测试了一下，速度确实快多了，网速流畅不卡顿。,2026-06-08 17:19:45
小米路由器高速AX3000T等 穿墙wifi6无线路由器千兆高速全屋覆盖大户型宿舍5G千兆学生宿舍家用双频路由器,小米,129.00,WiFi6,2.5G 网口,5,匿名买家 2026年5月24日已购：标准配置 / 小米路由器AX3000T 0 0 整体评价：特别方便实用 外观材质：塑料 覆盖区域：常规,2026-06-08 17:19:45
小米路由器高速AX3000T等 穿墙wifi6无线路由器千兆高速全屋覆盖大户型宿舍5G千兆学生宿舍家用双频路由器,小米,129.00,WiFi6,2.5G 网口,5,信号极好，穿墙信号无损，我家院子30米长，在大门外信号都满格信号,2026-06-08 17:19:45
小米路由器高速AX3000T等 穿墙wifi6无线路由器千兆高速全屋覆盖大户型宿舍5G千兆学生宿舍家用双频路由器,小米,129.00,WiFi6,2.5G 网口,5,外观好看 看上去很上档次 网速也可以 商家回复：感谢您的支持与喜爱，产品细节，处处精益求精~Xiaomi路由器AX3000T拥有4个全千兆网口，支持双WAN、LAN口聚合和盲插功能，让多条宽带家庭释放超千兆速率潜力。配合支持双千兆网口的NAS可组建两千兆高速家庭私有云盘。秉持以人为本，用专注打造流畅体验。 更多,2026-06-08 17:19:45
小米路由器高速AX3000T等 穿墙wifi6无线路由器千兆高速全屋覆盖大户型宿舍5G千兆学生宿舍家用双频路由器,小米,129.00,WiFi6,2.5G 网口,5,外观好看 看上去很上档次 网速也可以,2026-06-08 17:19:45
小米路由器高速AX3000T等 穿墙wifi6无线路由器千兆高速全屋覆盖大户型宿舍5G千兆学生宿舍家用双频路由器,小米,129.00,WiFi6,2.5G 网口,5,不错！很好用，操做方法简单，拿回来几分钟就连接好了,2026-06-08 17:19:45
小米路由器高速AX3000T等 穿墙wifi6无线路由器千兆高速全屋覆盖大户型宿舍5G千兆学生宿舍家用双频路由器,小米,129.00,WiFi6,2.5G 网口,5,网速比之前那个小方块路由器的快多了，，管理也方便，还得是小米生态 穿墙效果可以，卧室电脑连接的位置和路由器隔了差不多十米，中间有堵墙，信号依然很强。,2026-06-08 17:19:45
小米路由器高速AX3000T等 穿墙wifi6无线路由器千兆高速全屋覆盖大户型宿舍5G千兆学生宿舍家用双频路由器,小米,129.00,WiFi6,2.5G 网口,5,买来收货后测试，全屋都能连上，信号挺稳的。,2026-06-08 17:19:45
小米路由器高速AX3000T等 穿墙wifi6无线路由器千兆高速全屋覆盖大户型宿舍5G千兆学生宿舍家用双频路由器,小米,129.00,WiFi6,2.5G 网口,1,信号很稳，连着不掉线。 用了几天来评价的，挺好的，网络不卡了！推荐一下,2026-06-08 17:19:45
小米路由器高速AX3000T等 穿墙wifi6无线路由器千兆高速全屋覆盖大户型宿舍5G千兆学生宿舍家用双频路由器,小米,129.00,WiFi6,2.5G 网口,3,使用很简单，但是信号一般，我家74平，角角落落信号不太稳定。,2026-06-08 17:19:45
小米路由器高速AX3000T等 穿墙wifi6无线路由器千兆高速全屋覆盖大户型宿舍5G千兆学生宿舍家用双频路由器,小米,129.00,WiFi6,2.5G 网口,5,信号强，1000W的网线，有六七百的速度。不错,2026-06-08 17:19:45
小米路由器高速AX3000T等 穿墙wifi6无线路由器千兆高速全屋覆盖大户型宿舍5G千兆学生宿舍家用双频路由器,小米,129.00,WiFi6,2.5G 网口,5,弄了一个多小时终于连上了，希望好用，暂时看不太出来，但是有米家很方便,2026-06-08 17:19:45
小米路由器高速AX3000T等 穿墙wifi6无线路由器千兆高速全屋覆盖大户型宿舍5G千兆学生宿舍家用双频路由器,小米,129.00,WiFi6,2.5G 网口,5,当天追评：不错不错嗷,2026-06-08 17:19:45
小米路由器高速AX3000T等 穿墙wifi6无线路由器千兆高速全屋覆盖大户型宿舍5G千兆学生宿舍家用双频路由器,小米,129.00,WiFi6,2.5G 网口,5,收到后测试了一下，速度确实快多了，网速流畅不卡顿。,2026-06-08 17:19:45
小米路由器高速AX3000T等 穿墙wifi6无线路由器千兆高速全屋覆盖大户型宿舍5G千兆学生宿舍家用双频路由器,小米,129.00,WiFi6,2.5G 网口,5,确实好用，用了之后我在厨房连接WiFi信号都满满的。现在孩子们在房间里面打游戏也非常的通畅。总之非常的满意。下载速度也很快。 商家回复：非常感谢您的光临，您的满意，就是我们最大的欣慰。这款路由器支持双LAN聚合，连接NAS等多网口设备，让数据传输开启高速通道，探索更多玩法。小米始终坚守真诚热爱，以厚道价格让全球享受科技的美好生活。 更多,2026-06-08 17:19:45
小米路由器高速AX3000T等 穿墙wifi6无线路由器千兆高速全屋覆盖大户型宿舍5G千兆学生宿舍家用双频路由器,小米,129.00,WiFi6,2.5G 网口,5,确实好用，用了之后我在厨房连接WiFi信号都满满的。现在孩子们在房间里面打游戏也非常的通畅。总之非常的满意。下载速度也很快。,2026-06-08 17:19:45
小米路由器高速AX3000T等 穿墙wifi6无线路由器千兆高速全屋覆盖大户型宿舍5G千兆学生宿舍家用双频路由器,小米,129.00,WiFi6,2.5G 网口,5,太好用了，90平米，隔着两面墙信号嘎嘎地。我就住九楼，在一楼都能搜着信号，就是有点卡。,2026-06-08 17:19:45
小米路由器高速AX3000T等 穿墙wifi6无线路由器千兆高速全屋覆盖大户型宿舍5G千兆学生宿舍家用双频路由器,小米,129.00,WiFi6,2.5G 网口,5,整体评价：特别方便实用 外观材质：塑料 覆盖区域：常规,2026-06-08 17:19:45
小米路由器高速AX3000T等 穿墙wifi6无线路由器千兆高速全屋覆盖大户型宿舍5G千兆学生宿舍家用双频路由器,小米,129.00,WiFi6,2.5G 网口,5,很好，最少能穿2堵墙。3面墙信号有点弱了,2026-06-08 17:19:45
小米路由器高速AX3000T等 穿墙wifi6无线路由器千兆高速全屋覆盖大户型宿舍5G千兆学生宿舍家用双频路由器,小米,129.00,WiFi6,2.5G 网口,3,灰**谢 2026年5月24日已购：标准配置 / 小米路由器AX3000T 0 0 网速不错，用了几天没问题，信号也比较强！,2026-06-08 17:19:45
小米路由器高速AX3000T等 穿墙wifi6无线路由器千兆高速全屋覆盖大户型宿舍5G千兆学生宿舍家用双频路由器,小米,129.00,WiFi6,2.5G 网口,3,匿名买家 2026年5月22日已购：标准配置 / Xiaomi 路由器 BE3600 2.5G版 0 0 还不错，颜值高，比之前的wifi网速会快些。,2026-06-08 17:19:45
小米路由器高速AX3000T等 穿墙wifi6无线路由器千兆高速全屋覆盖大户型宿舍5G千兆学生宿舍家用双频路由器,小米,129.00,WiFi6,2.5G 网口,3,匿名买家 2026年5月20日已购：标准配置 / 小米路由器AX3000T 0 0 东西不错，质量可以，推荐这家购买，服务态度特别好,2026-06-08 17:19:45
小米路由器高速AX3000T等 穿墙wifi6无线路由器千兆高速全屋覆盖大户型宿舍5G千兆学生宿舍家用双频路由器,小米,129.00,WiFi6,2.5G 网口,3,M**t 2026年4月29日已购：标准配置 / Xiaomi 路由器 BE3600 2.5G版 0 1 实测网速很稳，家里100M宽带跑满没问题。设置简单，手机扫码几步就搞定，老人也能操作。发货快，第二天就收到了，包装完好。用了一周没断过网，性价比挺高的~,2026-06-08 17:19:45
小米路由器高速AX3000T等 穿墙wifi6无线路由器千兆高速全屋覆盖大户型宿舍5G千兆学生宿舍家用双频路由器,小米,129.00,WiFi6,2.5G 网口,3,星**V 2026年5月17日已购：标准配置 / 小米路由器AX3000T 0 0 小米路由器穿墙信号强，好用不卡顿，很好很好👍,2026-06-08 17:19:45
小米路由器高速AX3000T等 穿墙wifi6无线路由器千兆高速全屋覆盖大户型宿舍5G千兆学生宿舍家用双频路由器,小米,129.00,WiFi6,2.5G 网口,3,很*** 2026年5月13日已购：标准配置 / 小米路由器AX3000T 0 0 覆盖区域：效果覆盖范围很好覆盖范围广覆盖范围大适用场景办公室,2026-06-08 17:19:45
小米路由器高速AX3000T等 穿墙wifi6无线路由器千兆高速全屋覆盖大户型宿舍5G千兆学生宿舍家用双频路由器,小米,129.00,WiFi6,2.5G 网口,3,小**鲜 2026年5月13日已购：标准配置 / 小米路由器AX3000T 0 0 网速很快 整体评价：不错 覆盖区域：二楼也可以连上满格,2026-06-08 17:19:45
小米路由器高速AX3000T等 穿墙wifi6无线路由器千兆高速全屋覆盖大户型宿舍5G千兆学生宿舍家用双频路由器,小米,129.00,WiFi6,2.5G 网口,3,家**金 2026年5月12日已购：标准配置 / 小米路由器AX3000T 0 0 比原来的路由器信号强度好点，洗手间和比较远的卧室都能搜到5G，千兆带宽测网速730多，毕竟百元价位要求不能太高,2026-06-08 17:19:45
小米路由器高速AX3000T等 穿墙wifi6无线路由器千兆高速全屋覆盖大户型宿舍5G千兆学生宿舍家用双频路由器,小米,129.00,WiFi6,2.5G 网口,3,W**l 2026年5月12日已购：标准配置 / 小米路由器AX3000T 0 0 还是小米的产品好，家里有很多电器设备都是小米的，挺方便的，都可以实时掌控，太方便了。,2026-06-08 17:19:45
小米路由器高速AX3000T等 穿墙wifi6无线路由器千兆高速全屋覆盖大户型宿舍5G千兆学生宿舍家用双频路由器,小米,129.00,WiFi6,2.5G 网口,3,用**0 2026年5月12日已购：标准配置 / 小米路由器AX3000T 0 0 小米这个路由器信号非常好，放在大厅里，三个房间的网络一点都不卡。,2026-06-08 17:19:45
小米路由器高速AX3000T等 穿墙wifi6无线路由器千兆高速全屋覆盖大户型宿舍5G千兆学生宿舍家用双频路由器,小米,129.00,WiFi6,2.5G 网口,3,C**- 2026年5月9日已购：标准配置 / 小米路由器AX3000T 0 0 信号稳定，强，美观大气！非常好用，满意满意满意🈵意！,2026-06-08 17:19:45
小米路由器高速AX3000T等 穿墙wifi6无线路由器千兆高速全屋覆盖大户型宿舍5G千兆学生宿舍家用双频路由器,小米,129.00,WiFi6,2.5G 网口,3,匿名买家 2026年5月9日已购：标准配置 / 小米路由器AX3000T 0 0 特别好用，整体都是白色的，还配了白色的网线,2026-06-08 17:19:45
小米路由器高速AX3000T等 穿墙wifi6无线路由器千兆高速全屋覆盖大户型宿舍5G千兆学生宿舍家用双频路由器,小米,129.00,WiFi6,2.5G 网口,3,网速不错，用了几天没问题，信号也比较强！,2026-06-08 17:19:45
小米路由器高速AX3000T等 穿墙wifi6无线路由器千兆高速全屋覆盖大户型宿舍5G千兆学生宿舍家用双频路由器,小米,129.00,WiFi6,2.5G 网口,1,信号很稳，连着不掉线。操作也更简单 商家回复：感谢您的信任与支持，您的满意，是我们不断前行的动力。Xiaomi路由器AX3000T3000 兆级无线速率：畅享极速 WiFi6，2.4GHz（2*2 574Mbps 40MHz）；5GHz（2*2，2402Mbps 支持 160MHz）。工程师思维打磨细节，用品质说话~ 更多,2026-06-08 17:19:45
小米路由器高速AX3000T等 穿墙wifi6无线路由器千兆高速全屋覆盖大户型宿舍5G千兆学生宿舍家用双频路由器,小米,129.00,WiFi6,2.5G 网口,1,信号很稳，连着不掉线。操作也更简单,2026-06-08 17:19:45
小米路由器高速AX3000T等 穿墙wifi6无线路由器千兆高速全屋覆盖大户型宿舍5G千兆学生宿舍家用双频路由器,小米,129.00,WiFi6,2.5G 网口,3,还不错，颜值高，比之前的wifi网速会快些。,2026-06-08 17:19:45
小米路由器高速AX3000T等 穿墙wifi6无线路由器千兆高速全屋覆盖大户型宿舍5G千兆学生宿舍家用双频路由器,小米,129.00,WiFi6,2.5G 网口,3,毕竟是大品牌，操作简单，很容易就配置好了，还可以通过米家来看路由器的摘状态 有效距离比预期的要短一点，实际网速嘎嘎的好，用一段时间看效果,2026-06-08 17:19:46
小米路由器高速AX3000T等 穿墙wifi6无线路由器千兆高速全屋覆盖大户型宿舍5G千兆学生宿舍家用双频路由器,小米,129.00,WiFi6,2.5G 网口,3,东西不错，质量可以，推荐这家购买，服务态度特别好,2026-06-08 17:19:46
小米路由器高速AX3000T等 穿墙wifi6无线路由器千兆高速全屋覆盖大户型宿舍5G千兆学生宿舍家用双频路由器,小米,129.00,WiFi6,2.5G 网口,3,实测网速很稳，家里100M宽带跑满没问题。设置简单，手机扫码几步就搞定，老人也能操作。发货快，第二天就收到了，包装完好。用了一周没断过网，性价比挺高的~,2026-06-08 17:19:46
小米路由器高速AX3000T等 穿墙wifi6无线路由器千兆高速全屋覆盖大户型宿舍5G千兆学生宿舍家用双频路由器,小米,129.00,WiFi6,2.5G 网口,3,小米路由器穿墙信号强，好用不卡顿，很好很好👍,2026-06-08 17:19:46
小米路由器高速AX3000T等 穿墙wifi6无线路由器千兆高速全屋覆盖大户型宿舍5G千兆学生宿舍家用双频路由器,小米,129.00,WiFi6,2.5G 网口,3,整体评价：很好 外观材质：很好 覆盖区域：很好 传输效果：很好 连接速度：很好,2026-06-08 17:19:46
小米路由器高速AX3000T等 穿墙wifi6无线路由器千兆高速全屋覆盖大户型宿舍5G千兆学生宿舍家用双频路由器,小米,129.00,WiFi6,2.5G 网口,3,网络很好，在介绍给亲朋好友买。 商家回复：承蒙厚爱，不忘初心，持续为您提升品质。Xiaomi路由器AX3000T 3000 兆级无线速率：畅享极速 WiFi6，2.4GHz（2*2 574Mbps 40MHz）；5GHz（2*2，2402Mbps 支持 160MHz）。小米会用真诚回应需求，用热爱创造美好，不负每一份选择与信任 更多,2026-06-08 17:19:46
小米路由器高速AX3000T等 穿墙wifi6无线路由器千兆高速全屋覆盖大户型宿舍5G千兆学生宿舍家用双频路由器,小米,129.00,WiFi6,2.5G 网口,3,网络很好，在介绍给亲朋好友买。,2026-06-08 17:19:46
小米路由器高速AX3000T等 穿墙wifi6无线路由器千兆高速全屋覆盖大户型宿舍5G千兆学生宿舍家用双频路由器,小米,129.00,WiFi6,2.5G 网口,3,覆盖区域：效果覆盖范围很好覆盖范围广覆盖范围大适用场景办公室,2026-06-08 17:19:46
小米路由器高速AX3000T等 穿墙wifi6无线路由器千兆高速全屋覆盖大户型宿舍5G千兆学生宿舍家用双频路由器,小米,129.00,WiFi6,2.5G 网口,3,网速很快 整体评价：不错 覆盖区域：二楼也可以连上满格,2026-06-08 17:19:46
小米路由器高速AX3000T等 穿墙wifi6无线路由器千兆高速全屋覆盖大户型宿舍5G千兆学生宿舍家用双频路由器,小米,129.00,WiFi6,2.5G 网口,3,比原来的路由器信号强度好点，洗手间和比较远的卧室都能搜到5G，千兆带宽测网速730多，毕竟百元价位要求不能太高,2026-06-08 17:19:46
小米路由器高速AX3000T等 穿墙wifi6无线路由器千兆高速全屋覆盖大户型宿舍5G千兆学生宿舍家用双频路由器,小米,129.00,WiFi6,2.5G 网口,3,小米这个路由器信号非常好，放在大厅里，三个房间的网络一点都不卡。,2026-06-08 17:19:46
小米路由器高速AX3000T等 穿墙wifi6无线路由器千兆高速全屋覆盖大户型宿舍5G千兆学生宿舍家用双频路由器,小米,129.00,WiFi6,2.5G 网口,3,"整体评价：包装完好，设置简单，连接正常，效果不错。 商家回复：感谢对产品的肯定，这份赞许温暖人心~产品5G频段支持160MHz超大频宽,相比传统的AX1500、AC1200*,速度再加倍。支持WiFi6技术,双频并发无线速率高达2976Mbps*,延时更低速度更快,4K电影、高画质网游统统不在话下。坚持做优秀的产品，用真诚打动人心。 更多",2026-06-08 17:19:46
小米路由器高速AX3000T等 穿墙wifi6无线路由器千兆高速全屋覆盖大户型宿舍5G千兆学生宿舍家用双频路由器,小米,129.00,WiFi6,2.5G 网口,3,整体评价：包装完好，设置简单，连接正常，效果不错。,2026-06-08 17:19:46
小米路由器高速AX3000T等 穿墙wifi6无线路由器千兆高速全屋覆盖大户型宿舍5G千兆学生宿舍家用双频路由器,小米,129.00,WiFi6,2.5G 网口,3,信号稳定，强，美观大气！非常好用，满意满意满意🈵意！,2026-06-08 17:19:46
小米路由器高速AX3000T等 穿墙wifi6无线路由器千兆高速全屋覆盖大户型宿舍5G千兆学生宿舍家用双频路由器,小米,129.00,WiFi6,2.5G 网口,3,特别好用，整体都是白色的，还配了白色的网线,2026-06-08 17:19:46
小米路由器高速AX3000T等 穿墙wifi6无线路由器千兆高速全屋覆盖大户型宿舍5G千兆学生宿舍家用双频路由器,小米,129.00,WiFi6,2.5G 网口,3,凌**花 2026年4月4日已购：标准配置 / 小米路由器AX3000T 0 0 网络总是比较卡，需要更换路由器，选了小米这款，性价比高。 商家回复：感谢您的喜爱，您的认可，给了我们满满的成就感。这款路由器支持双LAN聚合，连接NAS等多网口设备，让数据传输开启高速通道，探索更多玩法。小米始终坚守真诚热爱，做感动人心、价格厚道的产品。 更多,2026-06-08 17:19:46
小米路由器高速AX3000T等 穿墙wifi6无线路由器千兆高速全屋覆盖大户型宿舍5G千兆学生宿舍家用双频路由器,小米,129.00,WiFi6,2.5G 网口,3,匿名买家 2026年5月3日已购：标准配置 / 小米路由器AX3000T 0 0 质量很好，说明书的安装教程非常简单易懂，会向需要朋友推荐,2026-06-08 17:19:46
小米路由器高速AX3000T等 穿墙wifi6无线路由器千兆高速全屋覆盖大户型宿舍5G千兆学生宿舍家用双频路由器,小米,129.00,WiFi6,2.5G 网口,3,鸣**你 2026年6月3日已购：标准配置 / Xiaomi 路由器 BE3600 2.5G版 0 0 买家服务很周到，很有耐心，现在全屋里的网络信号比较强，小米一直以来还是这么牛，值得信赖的商家，为你点赞👍,2026-06-08 17:19:46
小米路由器高速AX3000T等 穿墙wifi6无线路由器千兆高速全屋覆盖大户型宿舍5G千兆学生宿舍家用双频路由器,小米,129.00,WiFi6,2.5G 网口,3,匿名买家 2026年6月2日已购：标准配置 / 小米路由器AX3000T 0 0 信号强，95平房子屋里任地方都WiFi信号满格,2026-06-08 17:19:46
小米路由器高速AX3000T等 穿墙wifi6无线路由器千兆高速全屋覆盖大户型宿舍5G千兆学生宿舍家用双频路由器,小米,129.00,WiFi6,2.5G 网口,3,凌**生 2026年4月19日已购：标准配置 / 小米路由器AX3000T 0 0 发货超快，上午下单就发顺丰，下午就收到了，安装连接也方便网络速度也很快顺畅，好评值得购买,2026-06-08 17:19:46
小米路由器高速AX3000T等 穿墙wifi6无线路由器千兆高速全屋覆盖大户型宿舍5G千兆学生宿舍家用双频路由器,小米,129.00,WiFi6,2.5G 网口,3,冰**宝 2026年6月1日已购：标准配置 / 小米路由器AX3000T 0 0 小米的应该好用，快递很快，隔天就到了，还没用，用后追评吧。,2026-06-08 17:19:46
小米路由器高速AX3000T等 穿墙wifi6无线路由器千兆高速全屋覆盖大户型宿舍5G千兆学生宿舍家用双频路由器,小米,129.00,WiFi6,2.5G 网口,3,逍**生 2026年5月31日已购：标准配置 / 小米路由器AX3000T 0 0 小米路由器收到，马上试了，质量非常好不错，手机上网一点都不卡了，很高兴的一次购物。,2026-06-08 17:19:46
小米路由器高速AX3000T等 穿墙wifi6无线路由器千兆高速全屋覆盖大户型宿舍5G千兆学生宿舍家用双频路由器,小米,129.00,WiFi6,2.5G 网口,3,沈**子 2026年5月28日已购：标准配置 / Xiaomi 路由器 BE3600 2.5G版 0 0 收到后网速还可以，我家500兆宽带，应用下载速度能达到80mb/s,2026-06-08 17:19:46
小米路由器高速AX3000T等 穿墙wifi6无线路由器千兆高速全屋覆盖大户型宿舍5G千兆学生宿舍家用双频路由器,小米,129.00,WiFi6,2.5G 网口,3,M**0 2026年5月27日已购：标准配置 / Xiaomi 路由器 BE3600 2.5G版 0 0 千兆哦，试过了，安装超级方便，老奶奶也会，哈哈,2026-06-08 17:19:46
小米路由器高速AX3000T等 穿墙wifi6无线路由器千兆高速全屋覆盖大户型宿舍5G千兆学生宿舍家用双频路由器,小米,129.00,WiFi6,2.5G 网口,3,L**i 2026年5月27日已购：标准配置 / 小米路由器AX3000T 0 0 路由器已经收到并且用上了，不错，性价比可以,2026-06-08 17:19:46
小米路由器高速AX3000T等 穿墙wifi6无线路由器千兆高速全屋覆盖大户型宿舍5G千兆学生宿舍家用双频路由器,小米,129.00,WiFi6,2.5G 网口,3,匿名买家 2026年5月1日已购：标准配置 / 小米路由器AX3000T 0 0 非常好用，装在卧室使用，安装方便，信号好。,2026-06-08 17:19:46
小米路由器高速AX3000T等 穿墙wifi6无线路由器千兆高速全屋覆盖大户型宿舍5G千兆学生宿舍家用双频路由器,小米,129.00,WiFi6,2.5G 网口,3,碎**、 2026年5月1日已购：标准配置 / 小米路由器AX3000T 0 0 整体评价：好看 外观材质：好 覆盖区域：广,2026-06-08 17:19:46
小米路由器高速AX3000T等 穿墙wifi6无线路由器千兆高速全屋覆盖大户型宿舍5G千兆学生宿舍家用双频路由器,小米,129.00,WiFi6,2.5G 网口,3,灰**好 2026年5月26日已购：标准配置 / Xiaomi 路由器 BE3600 2.5G版 0 0 这是第二次购买了，新家一个，老家一个，老家用新款，网速快，比免费送的覆盖面积广，毕竟花钱了。安装操作都很简便。,2026-06-08 17:19:46
小米路由器高速AX3000T等 穿墙wifi6无线路由器千兆高速全屋覆盖大户型宿舍5G千兆学生宿舍家用双频路由器,小米,129.00,WiFi6,2.5G 网口,3,小米旗舰店产品质量保证，服务态度也一流，家里买的小米电器来咨询总是满意而归，还会继续关注哦！！,2026-06-08 17:19:46
小米路由器高速AX3000T等 穿墙wifi6无线路由器千兆高速全屋覆盖大户型宿舍5G千兆学生宿舍家用双频路由器,小米,129.00,WiFi6,2.5G 网口,3,一直用的小米品牌，该路由器网络信号极好信号强用起很放心。不错吧 商家回复：感谢您的支持与肯定，为您带来稳定好用、放心靠谱的产品，是我们最大的动力。4 颗高功率信号放大器带来更强劲的穿墙效果，更广的覆盖范围，轻松覆盖三居室。小米会带着热爱与真诚，持续进化，让全球每个人都能享受科技带来的美好生活~ 更多,2026-06-08 17:19:46
小米路由器高速AX3000T等 穿墙wifi6无线路由器千兆高速全屋覆盖大户型宿舍5G千兆学生宿舍家用双频路由器,小米,129.00,WiFi6,2.5G 网口,3,一直用的小米品牌，该路由器网络信号极好信号强用起很放心。不错吧,2026-06-08 17:19:46
小米路由器高速AX3000T等 穿墙wifi6无线路由器千兆高速全屋覆盖大户型宿舍5G千兆学生宿舍家用双频路由器,小米,129.00,WiFi6,2.5G 网口,3,网络总是比较卡，需要更换路由器，选了小米这款，性价比高。 商家回复：感谢您的喜爱，您的认可，给了我们满满的成就感。这款路由器支持双LAN聚合，连接NAS等多网口设备，让数据传输开启高速通道，探索更多玩法。小米始终坚守真诚热爱，做感动人心、价格厚道的产品。 更多,2026-06-08 17:19:46
小米路由器高速AX3000T等 穿墙wifi6无线路由器千兆高速全屋覆盖大户型宿舍5G千兆学生宿舍家用双频路由器,小米,129.00,WiFi6,2.5G 网口,3,网络总是比较卡，需要更换路由器，选了小米这款，性价比高。,2026-06-08 17:19:46
小米路由器高速AX3000T等 穿墙wifi6无线路由器千兆高速全屋覆盖大户型宿舍5G千兆学生宿舍家用双频路由器,小米,129.00,WiFi6,2.5G 网口,3,颜值很高，用到现在没有网络延迟或者掉网的情况 商家回复：谢谢您的认可，能为您带来安心与便捷，是我们最大的心愿。Xiaomi路由器AX3000T3000 兆级无线速率：畅享极速 WiFi6，2.4GHz（2*2 574Mbps 40MHz）；5GHz（2*2，2402Mbps 支持 160MHz）。技术为本，持续成长，带来更好科技体验 更多,2026-06-08 17:19:46
小米路由器高速AX3000T等 穿墙wifi6无线路由器千兆高速全屋覆盖大户型宿舍5G千兆学生宿舍家用双频路由器,小米,129.00,WiFi6,2.5G 网口,3,颜值很高，用到现在没有网络延迟或者掉网的情况,2026-06-08 17:19:46
小米路由器高速AX3000T等 穿墙wifi6无线路由器千兆高速全屋覆盖大户型宿舍5G千兆学生宿舍家用双频路由器,小米,129.00,WiFi6,2.5G 网口,3,质量很好，说明书的安装教程非常简单易懂，会向需要朋友推荐,2026-06-08 17:19:46
小米路由器高速AX3000T等 穿墙wifi6无线路由器千兆高速全屋覆盖大户型宿舍5G千兆学生宿舍家用双频路由器,小米,129.00,WiFi6,2.5G 网口,3,买家服务很周到，很有耐心，现在全屋里的网络信号比较强，小米一直以来还是这么牛，值得信赖的商家，为你点赞👍,2026-06-08 17:19:46
小米路由器高速AX3000T等 穿墙wifi6无线路由器千兆高速全屋覆盖大户型宿舍5G千兆学生宿舍家用双频路由器,小米,129.00,WiFi6,2.5G 网口,3,信号强，95平房子屋里任地方都WiFi信号满格,2026-06-08 17:19:46
小米路由器高速AX3000T等 穿墙wifi6无线路由器千兆高速全屋覆盖大户型宿舍5G千兆学生宿舍家用双频路由器,小米,129.00,WiFi6,2.5G 网口,3,发货超快，上午下单就发顺丰，下午就收到了，安装连接也方便网络速度也很快顺畅，好评值得购买,2026-06-08 17:19:46
小米路由器高速AX3000T等 穿墙wifi6无线路由器千兆高速全屋覆盖大户型宿舍5G千兆学生宿舍家用双频路由器,小米,129.00,WiFi6,2.5G 网口,3,小米的应该好用，快递很快，隔天就到了，还没用，用后追评吧。,2026-06-08 17:19:46
小米路由器高速AX3000T等 穿墙wifi6无线路由器千兆高速全屋覆盖大户型宿舍5G千兆学生宿舍家用双频路由器,小米,129.00,WiFi6,2.5G 网口,3,小米路由器收到，马上试了，质量非常好不错，手机上网一点都不卡了，很高兴的一次购物。,2026-06-08 17:19:46
小米路由器高速AX3000T等 穿墙wifi6无线路由器千兆高速全屋覆盖大户型宿舍5G千兆学生宿舍家用双频路由器,小米,129.00,WiFi6,2.5G 网口,3,整体不错，跟提供网速比较配套。价格在那里，不要相信什么穿墙了,2026-06-08 17:19:46
小米路由器高速AX3000T等 穿墙wifi6无线路由器千兆高速全屋覆盖大户型宿舍5G千兆学生宿舍家用双频路由器,小米,129.00,WiFi6,2.5G 网口,3,收到后网速还可以，我家500兆宽带，应用下载速度能达到80mb/s,2026-06-08 17:19:46
小米路由器高速AX3000T等 穿墙wifi6无线路由器千兆高速全屋覆盖大户型宿舍5G千兆学生宿舍家用双频路由器,小米,129.00,WiFi6,2.5G 网口,3,千兆哦，试过了，安装超级方便，老奶奶也会，哈哈,2026-06-08 17:19:46
小米路由器高速AX3000T等 穿墙wifi6无线路由器千兆高速全屋覆盖大户型宿舍5G千兆学生宿舍家用双频路由器,小米,129.00,WiFi6,2.5G 网口,3,路由器已经收到并且用上了，不错，性价比可以,2026-06-08 17:19:46
小米路由器高速AX3000T等 穿墙wifi6无线路由器千兆高速全屋覆盖大户型宿舍5G千兆学生宿舍家用双频路由器,小米,129.00,WiFi6,2.5G 网口,3,非常好用，装在卧室使用，安装方便，信号好。,2026-06-08 17:19:46
小米路由器高速AX3000T等 穿墙wifi6无线路由器千兆高速全屋覆盖大户型宿舍5G千兆学生宿舍家用双频路由器,小米,129.00,WiFi6,2.5G 网口,3,整体评价：好看 外观材质：好 覆盖区域：广,2026-06-08 17:19:46
小米路由器高速AX3000T等 穿墙wifi6无线路由器千兆高速全屋覆盖大户型宿舍5G千兆学生宿舍家用双频路由器,小米,129.00,WiFi6,2.5G 网口,3,这是第二次购买了，新家一个，老家一个，老家用新款，网速快，比免费送的覆盖面积广，毕竟花钱了。安装操作都很简便。,2026-06-08 17:19:46
小米路由器高速AX3000T等 穿墙wifi6无线路由器千兆高速全屋覆盖大户型宿舍5G千兆学生宿舍家用双频路由器,小米,129.00,WiFi6,2.5G 网口,3,王**学 2026年5月26日已购：标准配置 / 小米路由器AX3000T 0 0 挺好的，很满意，小米的东西反正都还可以，挺实用,2026-06-08 17:19:46
小米路由器高速AX3000T等 穿墙wifi6无线路由器千兆高速全屋覆盖大户型宿舍5G千兆学生宿舍家用双频路由器,小米,129.00,WiFi6,2.5G 网口,3,匿名买家 2026年5月25日已购：标准配置 / 小米路由器AX3000T 0 0 效果很好👌👍,2026-06-08 17:19:46
小米路由器高速AX3000T等 穿墙wifi6无线路由器千兆高速全屋覆盖大户型宿舍5G千兆学生宿舍家用双频路由器,小米,129.00,WiFi6,2.5G 网口,3,王**学 2026年5月23日已购：标准配置 / 小米路由器AX3000T 0 0 还可以，信号啥的都蛮好的，长得也挺好看的，满意,2026-06-08 17:19:46
小米路由器高速AX3000T等 穿墙wifi6无线路由器千兆高速全屋覆盖大户型宿舍5G千兆学生宿舍家用双频路由器,小米,129.00,WiFi6,2.5G 网口,3,匿名买家 2026年5月20日已购：标准配置 / 小米路由器AX3000T 0 0 电信师傅上门安装好了，师傅放到光猫弱电盒子里了，没有放外面说是没问题，目前接收信号正常！,2026-06-08 17:19:46
小米路由器高速AX3000T等 穿墙wifi6无线路由器千兆高速全屋覆盖大户型宿舍5G千兆学生宿舍家用双频路由器,小米,129.00,WiFi6,2.5G 网口,3,帅**懂 2026年5月20日已购：标准配置 / 小米路由器AX3000T 0 0 很方便用了app，这点非常好。其他的用用看应该蛮不错,2026-06-08 17:19:46
小米路由器高速AX3000T等 穿墙wifi6无线路由器千兆高速全屋覆盖大户型宿舍5G千兆学生宿舍家用双频路由器,小米,129.00,WiFi6,2.5G 网口,3,亲**0 2026年4月16日已购：标准配置 / 小米路由器AX3000T 0 0 家里的路由器老了不中用了，朋友推荐买的小米，果然好用，能穿墙,2026-06-08 17:19:46
小米路由器高速AX3000T等 穿墙wifi6无线路由器千兆高速全屋覆盖大户型宿舍5G千兆学生宿舍家用双频路由器,小米,129.00,WiFi6,2.5G 网口,3,用**3 2026年5月19日已购：标准配置 / Xiaomi 路由器 BE3600 2.5G版 0 0 产品质量稳定安全可靠不愧是品牌,2026-06-08 17:19:46
小米路由器高速AX3000T等 穿墙wifi6无线路由器千兆高速全屋覆盖大户型宿舍5G千兆学生宿舍家用双频路由器,小米,129.00,WiFi6,2.5G 网口,3,匿名买家 2026年5月17日已购：标准配置 / 小米路由器AX3000T 0 0 路由器特别好网速快,2026-06-08 17:19:46
小米路由器高速AX3000T等 穿墙wifi6无线路由器千兆高速全屋覆盖大户型宿舍5G千兆学生宿舍家用双频路由器,小米,129.00,WiFi6,2.5G 网口,3,a**y 2026年4月15日已购：标准配置 / Xiaomi 路由器 BE3600 2.5G版 0 0 第二次回购了 非常好用比实体店便宜不知道有没有差,2026-06-08 17:19:46
小米路由器高速AX3000T等 穿墙wifi6无线路由器千兆高速全屋覆盖大户型宿舍5G千兆学生宿舍家用双频路由器,小米,129.00,WiFi6,2.5G 网口,3,真**吗 2026年5月16日已购：标准配置 / 小米路由器AX3000T 0 0 操作很方便！我监控是小米的刚刚好有下载米家进去添加一下就自己感应输宽带密码就能连了非常方便,2026-06-08 17:19:46
小米路由器高速AX3000T等 穿墙wifi6无线路由器千兆高速全屋覆盖大户型宿舍5G千兆学生宿舍家用双频路由器,小米,129.00,WiFi6,2.5G 网口,3,匿名买家 2026年5月15日已购：标准配置 / Xiaomi 路由器 BE3600 2.5G版 0 0 覆盖区域：100平覆盖范围 外观材质：白色很适合 传输效果：很好 连接速度：迅速,2026-06-08 17:19:46
小米路由器高速AX3000T等 穿墙wifi6无线路由器千兆高速全屋覆盖大户型宿舍5G千兆学生宿舍家用双频路由器,小米,129.00,WiFi6,2.5G 网口,3,i**z 2026年4月13日已购：标准配置 / 小米路由器AX3000T 0 0 很好，还配了网线，宿舍里面用，联动小米智能插座，设备一下子智能化起来了,2026-06-08 17:19:46
小米路由器高速AX3000T等 穿墙wifi6无线路由器千兆高速全屋覆盖大户型宿舍5G千兆学生宿舍家用双频路由器,小米,129.00,WiFi6,2.5G 网口,3,S**S 2026年5月11日已购：标准配置 / 小米路由器AX3000T 0 0 很好 网络快 传输效果好 覆盖区域大,2026-06-08 17:19:46
小米路由器高速AX3000T等 穿墙wifi6无线路由器千兆高速全屋覆盖大户型宿舍5G千兆学生宿舍家用双频路由器,小米,129.00,WiFi6,2.5G 网口,3,挺好的，很满意，小米的东西反正都还可以，挺实用,2026-06-08 17:19:46
小米路由器高速AX3000T等 穿墙wifi6无线路由器千兆高速全屋覆盖大户型宿舍5G千兆学生宿舍家用双频路由器,小米,129.00,WiFi6,2.5G 网口,3,还可以，信号啥的都蛮好的，长得也挺好看的，满意,2026-06-08 17:19:46
小米路由器高速AX3000T等 穿墙wifi6无线路由器千兆高速全屋覆盖大户型宿舍5G千兆学生宿舍家用双频路由器,小米,129.00,WiFi6,2.5G 网口,3,电信师傅上门安装好了，师傅放到光猫弱电盒子里了，没有放外面说是没问题，目前接收信号正常！,2026-06-08 17:19:46
小米路由器高速AX3000T等 穿墙wifi6无线路由器千兆高速全屋覆盖大户型宿舍5G千兆学生宿舍家用双频路由器,小米,129.00,WiFi6,2.5G 网口,3,很方便用了app，这点非常好。其他的用用看应该蛮不错,2026-06-08 17:19:46
小米路由器高速AX3000T等 穿墙wifi6无线路由器千兆高速全屋覆盖大户型宿舍5G千兆学生宿舍家用双频路由器,小米,129.00,WiFi6,2.5G 网口,3,家里的路由器老了不中用了，朋友推荐买的小米，果然好用，能穿墙,2026-06-08 17:19:46
小米路由器高速AX3000T等 穿墙wifi6无线路由器千兆高速全屋覆盖大户型宿舍5G千兆学生宿舍家用双频路由器,小米,129.00,WiFi6,2.5G 网口,3,产品质量稳定安全可靠不愧是品牌,2026-06-08 17:19:46
小米路由器高速AX3000T等 穿墙wifi6无线路由器千兆高速全屋覆盖大户型宿舍5G千兆学生宿舍家用双频路由器,小米,129.00,WiFi6,2.5G 网口,3,路由器特别好网速快,2026-06-08 17:19:46
小米路由器高速AX3000T等 穿墙wifi6无线路由器千兆高速全屋覆盖大户型宿舍5G千兆学生宿舍家用双频路由器,小米,129.00,WiFi6,2.5G 网口,3,第二次回购了 非常好用比实体店便宜不知道有没有差,2026-06-08 17:19:46
小米路由器高速AX3000T等 穿墙wifi6无线路由器千兆高速全屋覆盖大户型宿舍5G千兆学生宿舍家用双频路由器,小米,129.00,WiFi6,2.5G 网口,3,操作很方便！我监控是小米的刚刚好有下载米家进去添加一下就自己感应输宽带密码就能连了非常方便,2026-06-08 17:19:46
小米路由器高速AX3000T等 穿墙wifi6无线路由器千兆高速全屋覆盖大户型宿舍5G千兆学生宿舍家用双频路由器,小米,129.00,WiFi6,2.5G 网口,3,覆盖区域：100平覆盖范围 外观材质：白色很适合 传输效果：很好 连接速度：迅速,2026-06-08 17:19:46
小米路由器高速AX3000T等 穿墙wifi6无线路由器千兆高速全屋覆盖大户型宿舍5G千兆学生宿舍家用双频路由器,小米,129.00,WiFi6,2.5G 网口,3,很方便，到家直接自己就装好了 网速确实快，刷视频不卡顿 商家回复：用心做好每一处细节，只为不辜负您的每一份信任。产品拥有2.4GHz（2×2，688Mbps 40MHz）；5GHz（2×2，2882Mbps 160MHz）合计约 3570Mbps，约为 3600 兆级。工程师思维打磨细节，用品质说话~ 更多,2026-06-08 17:19:46
小米路由器高速AX3000T等 穿墙wifi6无线路由器千兆高速全屋覆盖大户型宿舍5G千兆学生宿舍家用双频路由器,小米,129.00,WiFi6,2.5G 网口,3,很方便，到家直接自己就装好了 网速确实快，刷视频不卡顿,2026-06-08 17:19:46
小米路由器高速AX3000T等 穿墙wifi6无线路由器千兆高速全屋覆盖大户型宿舍5G千兆学生宿舍家用双频路由器,小米,129.00,WiFi6,2.5G 网口,3,网速确实快，刷视频不卡顿，值得购买，赞赞赞👍🏻 商家回复：感谢您对小米的支持，您的赞美，比什么都珍贵~5G频段支持160MHz超大频宽，相比传统的AX1500、AC1200*，速度再加倍。支持WiFi6技术，双频并发无线速率高达2976Mbps*，延时更低速度更快，4K电影、高画质网游统统不在话下。小米坚持在每一个服务细节里持续成长，用心做得更好。 更多,2026-06-08 17:19:46
小米路由器高速AX3000T等 穿墙wifi6无线路由器千兆高速全屋覆盖大户型宿舍5G千兆学生宿舍家用双频路由器,小米,129.00,WiFi6,2.5G 网口,3,网速确实快，刷视频不卡顿，值得购买，赞赞赞👍🏻,2026-06-08 17:19:46
小米路由器高速AX3000T等 穿墙wifi6无线路由器千兆高速全屋覆盖大户型宿舍5G千兆学生宿舍家用双频路由器,小米,129.00,WiFi6,2.5G 网口,3,路由器太好用了！安装方便，网速特别快！ 商家回复：感谢您的认可，给了我们满满的成就感~小米自研的Mesh组网技术，支持多种方式混合组网，最多可连接10台路由器，共同协作缓解信号死角，全屋处处高速上网。当您在家里走动时，会在毫秒内帮助您接入速度最快的路由器节点，即使其中一台出现故障，网络也能提供秒级自愈响应。坚持做感动人心的产品，用温度陪伴生活。 更多,2026-06-08 17:19:46
小米路由器高速AX3000T等 穿墙wifi6无线路由器千兆高速全屋覆盖大户型宿舍5G千兆学生宿舍家用双频路由器,小米,129.00,WiFi6,2.5G 网口,3,路由器太好用了！安装方便，网速特别快！,2026-06-08 17:19:46
小米路由器高速AX3000T等 穿墙wifi6无线路由器千兆高速全屋覆盖大户型宿舍5G千兆学生宿舍家用双频路由器,小米,129.00,WiFi6,2.5G 网口,3,信号可以啊，500m宽带，隔壁信号隔墙还在350左右。不过有点看不惯设计才一个灯通过颜色区分正常异常，比如腾达路由器电源，网络，WiFi，信号几个灯各司其职一目了然。看在家里的小米电视机5年0故障，也就认可了。,2026-06-08 17:19:46
小米路由器高速AX3000T等 穿墙wifi6无线路由器千兆高速全屋覆盖大户型宿舍5G千兆学生宿舍家用双频路由器,小米,129.00,WiFi6,2.5G 网口,3,很好 网络快 传输效果好 覆盖区域大,2026-06-08 17:19:46
小米路由器高速AX3000T等 穿墙wifi6无线路由器千兆高速全屋覆盖大户型宿舍5G千兆学生宿舍家用双频路由器,小米,129.00,WiFi6,2.5G 网口,3,这款路由器的性能简直绝了👍 信号就像长了翅膀一样，穿墙能力超强，无论我在房间哪个角落，都能享受飞速稳定的网络，就像给我的上网体验装上了“路由器引擎”，一路狂飙🚀 快递好快下单不到就送到屋企门口了,2026-06-08 17:19:46
小米路由器高速AX3000T等 穿墙wifi6无线路由器千兆高速全屋覆盖大户型宿舍5G千兆学生宿舍家用双频路由器,小米,129.00,WiFi6,2.5G 网口,1,l**6 2026年5月10日已购：标准配置 / 小米路由器AX3000T 0 0 安装好了，每个房间都有信号覆盖,2026-06-08 17:19:46
小米路由器高速AX3000T等 穿墙wifi6无线路由器千兆高速全屋覆盖大户型宿舍5G千兆学生宿舍家用双频路由器,小米,129.00,WiFi6,2.5G 网口,1,匿名买家 2026年5月10日已购：标准配置 / 小米路由器AX3000T 0 0 信号强，整体不错，性价比高，正品,2026-06-08 17:19:46
小米路由器高速AX3000T等 穿墙wifi6无线路由器千兆高速全屋覆盖大户型宿舍5G千兆学生宿舍家用双频路由器,小米,129.00,WiFi6,2.5G 网口,1,9**树 2026年5月9日已购：标准配置 / 小米路由器AX3000T 0 0 自己安装真的非常方便，比想象中要简单得多，而且网络也很好，值得购买。,2026-06-08 17:19:46
小米路由器高速AX3000T等 穿墙wifi6无线路由器千兆高速全屋覆盖大户型宿舍5G千兆学生宿舍家用双频路由器,小米,129.00,WiFi6,2.5G 网口,1,田**晨 2026年5月9日已购：标准配置 / 小米路由器AX3000T 0 0 发货快，质量不错，网速度快，再也不卡了,2026-06-08 17:19:46
小米路由器高速AX3000T等 穿墙wifi6无线路由器千兆高速全屋覆盖大户型宿舍5G千兆学生宿舍家用双频路由器,小米,129.00,WiFi6,2.5G 网口,1,汀*** 2026年5月8日已购：标准配置 / 小米路由器AX3000T 0 0 还可以，到货很快，第二天就到了，安装简单，不知道能用多久,2026-06-08 17:19:46
小米路由器高速AX3000T等 穿墙wifi6无线路由器千兆高速全屋覆盖大户型宿舍5G千兆学生宿舍家用双频路由器,小米,129.00,WiFi6,2.5G 网口,1,一**艺 2026年5月7日已购：标准配置 / 小米路由器AX3000T 0 0 这个小米路由器真的是好，比京东买还便宜一点点,2026-06-08 17:19:46
小米路由器高速AX3000T等 穿墙wifi6无线路由器千兆高速全屋覆盖大户型宿舍5G千兆学生宿舍家用双频路由器,小米,129.00,WiFi6,2.5G 网口,1,珊**3 2026年5月6日已购：标准配置 / 小米路由器AX3000T 0 0 网速飞快 整体评价：这个信号真的牛，现在家里到处都可以信号满满了,2026-06-08 17:19:46
小米路由器高速AX3000T等 穿墙wifi6无线路由器千兆高速全屋覆盖大户型宿舍5G千兆学生宿舍家用双频路由器,小米,129.00,WiFi6,2.5G 网口,1,秋**0 2026年5月5日已购：标准配置 / 小米路由器AX3000T 0 0 易安装，能穿墙，次卧信号好太多了。小米，就是这样给力。,2026-06-08 17:19:46
小米路由器高速AX3000T等 穿墙wifi6无线路由器千兆高速全屋覆盖大户型宿舍5G千兆学生宿舍家用双频路由器,小米,129.00,WiFi6,2.5G 网口,3,q**o 2026年4月9日已购：标准配置 / 小米路由器AX3000T 0 0 8年前买的小米3路由器只支持100M宽带，最近宽带可以免费升级到200M，所以只能升级路由器了。 AX3000T路由器做工扎实，性价比高，应付普通家用千兆宽带绰绰有余！发货快，隔天就到了！,2026-06-08 17:19:46
小米路由器高速AX3000T等 穿墙wifi6无线路由器千兆高速全屋覆盖大户型宿舍5G千兆学生宿舍家用双频路由器,小米,129.00,WiFi6,2.5G 网口,1,任**# 2026年5月4日已购：标准配置 / 小米路由器AX3000T 0 0 蛮不错的，因为工作室用了一个，挺好用，就给公司别墅那边也配了一个,2026-06-08 17:19:46
华为路由AX3 自动优选家用路由器双核wifi6+千兆端口3000M无线速率上网保护 学生家用高速路由信号强,华为,159.60,WiFi6,全千兆网口,4,确实挺划算的，价格实惠 • 生态协同强：搭配华为终端能开启 160MHz 频宽，穿墙和延迟表现更好，一碰连网、手游加速等功能体验极佳。 • 设置门槛低：系统界面简洁，对不懂网络参数的小白非常友好，老人小孩也能轻松上手。 • 硬件配置偏保守：同价位下规格不算顶尖，且部分老款机型发热较大，长时间高负载运行偶尔会出现波动。 发货速度，第二天就到了。,2026-06-08 17:20:39
华为路由AX3 自动优选家用路由器双核wifi6+千兆端口3000M无线速率上网保护 学生家用高速路由信号强,华为,159.60,WiFi6,全千兆网口,4,中户型5G路由器 好评榜·第5名,2026-06-08 17:20:39
华为路由AX3 自动优选家用路由器双核wifi6+千兆端口3000M无线速率上网保护 学生家用高速路由信号强,华为,159.60,WiFi6,全千兆网口,4,【高性价比】AX3 白色 店长主推,2026-06-08 17:20:39
华为路由AX3 自动优选家用路由器双核wifi6+千兆端口3000M无线速率上网保护 学生家用高速路由信号强,华为,159.60,WiFi6,全千兆网口,4,好 外观材质：好的 覆盖区域：不催 传输效果：嗯嗯 商家回复：尊敬的华为用户您好，您的肯定胜过万千华丽的辞藻！华为路由AX3 支持3000兆疾速网络和160MHz超大频宽，搭载独立信号放大器，覆盖无忧，还支持140+款智能手游加速，儿童上网关怀，可视化智能诊断等功能，更多惊喜功能，期待您多多体验。 更多,2026-06-08 17:20:39
华为路由AX3 自动优选家用路由器双核wifi6+千兆端口3000M无线速率上网保护 学生家用高速路由信号强,华为,159.60,WiFi6,全千兆网口,4,好 外观材质：好的 覆盖区域：不催 传输效果：嗯嗯,2026-06-08 17:20:39
华为路由AX3 自动优选家用路由器双核wifi6+千兆端口3000M无线速率上网保护 学生家用高速路由信号强,华为,159.60,WiFi6,全千兆网口,1,覆盖区域：穿墙能力杠杠的 整体评价：非常好，美观又好用，网络覆盖能力强，网速稳定，不卡顿不掉线，完美 商家回复：尊敬的华为用户您好，您的肯定胜过万千华丽的辞藻！华为路由AX3 支持3000兆疾速网络和160MHz超大频宽，搭载独立信号放大器，覆盖无忧，还支持140+款智能手游加速，儿童上网关怀，可视化智能诊断等功能，更多惊喜功能，期待您多多体验。 更多,2026-06-08 17:20:39
华为路由AX3 自动优选家用路由器双核wifi6+千兆端口3000M无线速率上网保护 学生家用高速路由信号强,华为,159.60,WiFi6,全千兆网口,1,覆盖区域：穿墙能力杠杠的 整体评价：非常好，美观又好用，网络覆盖能力强，网速稳定，不卡顿不掉线，完美,2026-06-08 17:20:39
华为路由AX3 自动优选家用路由器双核wifi6+千兆端口3000M无线速率上网保护 学生家用高速路由信号强,华为,159.60,WiFi6,全千兆网口,4,昨天下午买的，今天早上就收到了。配合华为手机安装简单！这款路由器比别的品牌网速快多了！,2026-06-08 17:20:39
华为路由AX3 自动优选家用路由器双核wifi6+千兆端口3000M无线速率上网保护 学生家用高速路由信号强,华为,159.60,WiFi6,全千兆网口,5,联网操作简单，教程详细，小白也轻松搞定，APP好用 商家回复：尊敬的华为用户您好，您的赞许是对我们最大的认可！您选购的这款华为路由AX3具备华为Wi-Fi 6+智慧路由，3000兆疾速网络和160MHz超大频宽，搭载独立信号放大器，覆盖无忧，还支持140+款智能手游加速，儿童上网关怀，可视化智能诊断等功能，更多惊喜功能，期待您多多体验。 更多,2026-06-08 17:20:39
华为路由AX3 自动优选家用路由器双核wifi6+千兆端口3000M无线速率上网保护 学生家用高速路由信号强,华为,159.60,WiFi6,全千兆网口,5,联网操作简单，教程详细，小白也轻松搞定，APP好用,2026-06-08 17:20:39
华为路由AX3 自动优选家用路由器双核wifi6+千兆端口3000M无线速率上网保护 学生家用高速路由信号强,华为,159.60,WiFi6,全千兆网口,4,快递收到了，路由器收到很好，质量杠杠的！ 商家回复：尊敬的华为用户您好，您的肯定胜过万千华丽的辞藻！华为路由AX3 支持3000兆疾速网络和160MHz超大频宽，搭载独立信号放大器，覆盖无忧，还支持140+款智能手游加速，儿童上网关怀，可视化智能诊断等功能，更多惊喜功能，期待您多多体验。 更多,2026-06-08 17:20:39
华为路由AX3 自动优选家用路由器双核wifi6+千兆端口3000M无线速率上网保护 学生家用高速路由信号强,华为,159.60,WiFi6,全千兆网口,4,快递收到了，路由器收到很好，质量杠杠的！,2026-06-08 17:20:39
华为路由AX3 自动优选家用路由器双核wifi6+千兆端口3000M无线速率上网保护 学生家用高速路由信号强,华为,159.60,WiFi6,全千兆网口,5,很好暗转，颜值也高，信号稳定。 商家回复：尊敬的华为用户您好，您的肯定胜过万千华丽的辞藻！华为路由AX3 支持3000兆疾速网络和160MHz超大频宽，搭载独立信号放大器，覆盖无忧，还支持140+款智能手游加速，儿童上网关怀，可视化智能诊断等功能，更多惊喜功能，期待您多多体验。 更多,2026-06-08 17:20:39
华为路由AX3 自动优选家用路由器双核wifi6+千兆端口3000M无线速率上网保护 学生家用高速路由信号强,华为,159.60,WiFi6,全千兆网口,5,很好暗转，颜值也高，信号稳定。,2026-06-08 17:20:39
华为路由AX3 自动优选家用路由器双核wifi6+千兆端口3000M无线速率上网保护 学生家用高速路由信号强,华为,159.60,WiFi6,全千兆网口,4,更换路由没想到会这么简单手机就可直接操作，穿两墙信号很好，还解决组网的问题，帐号不用换来换去，玩游戏还自动提速,2026-06-08 17:20:39
华为路由AX3 自动优选家用路由器双核wifi6+千兆端口3000M无线速率上网保护 学生家用高速路由信号强,华为,159.60,WiFi6,全千兆网口,4,整体评价：好使，如果用的也是华为路由器，之前备份有路由器上网信息就可以一键迁移到新机器，非常方便 外观材质：材质白色硬塑料的华为做工还是可以相信 覆盖区域：范围比之前的老华为路由器强，隔了两三个墙的卫生间都还可以连到 传输效果：网速可以跑满开的套餐带宽,2026-06-08 17:20:39
华为路由AX3 自动优选家用路由器双核wifi6+千兆端口3000M无线速率上网保护 学生家用高速路由信号强,华为,159.60,WiFi6,全千兆网口,4,整体评价：好 外观材质：好 覆盖区域：好 传输效果：好 连接速度：好,2026-06-08 17:20:39
华为路由AX3 自动优选家用路由器双核wifi6+千兆端口3000M无线速率上网保护 学生家用高速路由信号强,华为,159.60,WiFi6,全千兆网口,4,网速飞快，再次购买，信号强 商家回复：尊敬的华为用户您好，您的肯定胜过万千华丽的辞藻！华为路由AX3 支持3000兆疾速网络和160MHz超大频宽，搭载独立信号放大器，覆盖无忧，还支持140+款智能手游加速，儿童上网关怀，可视化智能诊断等功能，更多惊喜功能，期待您多多体验。 更多,2026-06-08 17:20:39
华为路由AX3 自动优选家用路由器双核wifi6+千兆端口3000M无线速率上网保护 学生家用高速路由信号强,华为,159.60,WiFi6,全千兆网口,4,网速飞快，再次购买，信号强,2026-06-08 17:20:39
华为路由AX3 自动优选家用路由器双核wifi6+千兆端口3000M无线速率上网保护 学生家用高速路由信号强,华为,159.60,WiFi6,全千兆网口,4,对比多款路由器后最终选择了这款，使用体验远超预期。之前家里老路由器经常卡顿、断连，换上这款后网络问题彻底解决，千兆宽带可以轻松跑满，5G频段网速飞快，打游戏、刷视频都十分流畅。路由器穿墙能力很强，隔两堵墙信号都挺好的。,2026-06-08 17:20:39
华为路由AX3 自动优选家用路由器双核wifi6+千兆端口3000M无线速率上网保护 学生家用高速路由信号强,华为,159.60,WiFi6,全千兆网口,5,1天后追评：网速明显快了很多。不错不错,2026-06-08 17:20:39
华为路由AX3 自动优选家用路由器双核wifi6+千兆端口3000M无线速率上网保护 学生家用高速路由信号强,华为,159.60,WiFi6,全千兆网口,4,操作简单 网速快。路由器是消耗品 用几年就需要换 信赖华为 商家回复：尊敬的华为用户您好，您的肯定胜过万千华丽的辞藻！华为路由AX3 支持3000兆疾速网络和160MHz超大频宽，搭载独立信号放大器，覆盖无忧，还支持140+款智能手游加速，儿童上网关怀，可视化智能诊断等功能，更多惊喜功能，期待您多多体验。 更多,2026-06-08 17:20:39
华为路由AX3 自动优选家用路由器双核wifi6+千兆端口3000M无线速率上网保护 学生家用高速路由信号强,华为,159.60,WiFi6,全千兆网口,4,操作简单 网速快。路由器是消耗品 用几年就需要换 信赖华为,2026-06-08 17:20:39
华为路由AX3 自动优选家用路由器双核wifi6+千兆端口3000M无线速率上网保护 学生家用高速路由信号强,华为,159.60,WiFi6,全千兆网口,4,东西太好了，网速嘎嘎的快值得购买 安装确实方便，省心省力。 商家回复：尊敬的华为用户您好，您的肯定胜过万千华丽的辞藻！华为路由AX3 支持3000兆疾速网络和160MHz超大频宽，搭载独立信号放大器，覆盖无忧，还支持140+款智能手游加速，儿童上网关怀，可视化智能诊断等功能，更多惊喜功能，期待您多多体验。 更多,2026-06-08 17:20:39
华为路由AX3 自动优选家用路由器双核wifi6+千兆端口3000M无线速率上网保护 学生家用高速路由信号强,华为,159.60,WiFi6,全千兆网口,4,东西太好了，网速嘎嘎的快值得购买 安装确实方便，省心省力。,2026-06-08 17:20:39
华为路由AX3 自动优选家用路由器双核wifi6+千兆端口3000M无线速率上网保护 学生家用高速路由信号强,华为,159.60,WiFi6,全千兆网口,4,发货速度快，一天就到，品质很好！值得购买！ 商家回复：尊敬的华为用户您好，感谢您的认可和肯定，华为路由AX3拥有Wi-Fi 6+智慧路由，3000兆疾速网络和160MHz超大频宽，搭载独立信号放大器，覆盖无忧，还支持一碰连网、灵犀双 Wi-Fi、140+款智能手游加速，儿童上网关怀，可视化智能诊断等功能，期待您多多体验。 更多,2026-06-08 17:20:39
华为路由AX3 自动优选家用路由器双核wifi6+千兆端口3000M无线速率上网保护 学生家用高速路由信号强,华为,159.60,WiFi6,全千兆网口,4,发货速度快，一天就到，品质很好！值得购买！,2026-06-08 17:20:39
华为路由AX3 自动优选家用路由器双核wifi6+千兆端口3000M无线速率上网保护 学生家用高速路由信号强,华为,159.60,WiFi6,全千兆网口,5,非常好用 值得入手 穿墙信号确实可以 商家回复：尊敬的华为用户您好，您的赞许是对我们最大的认可！您选购的这款华为路由AX3具备华为Wi-Fi 6+智慧路由，3000兆疾速网络和160MHz超大频宽，搭载独立信号放大器，覆盖无忧，还支持140+款智能手游加速，儿童上网关怀，可视化智能诊断等功能，更多惊喜功能，期待您多多体验。 更多,2026-06-08 17:20:39
华为路由AX3 自动优选家用路由器双核wifi6+千兆端口3000M无线速率上网保护 学生家用高速路由信号强,华为,159.60,WiFi6,全千兆网口,5,非常好用 值得入手 穿墙信号确实可以,2026-06-08 17:20:39
华为路由AX3 自动优选家用路由器双核wifi6+千兆端口3000M无线速率上网保护 学生家用高速路由信号强,华为,159.60,WiFi6,全千兆网口,5,发货速度快。质量很好。很容易就链接上了。上网速度快 商家回复：尊敬的华为用户您好，您的肯定胜过万千华丽的辞藻！华为路由AX3，3000兆疾速网络和160MHz超大频宽，搭载独立信号放大器，覆盖无忧，还支持140+款智能手游加速，儿童上网关怀，可视化智能诊断等功能 ，期待为您带去更多惊喜。 更多,2026-06-08 17:20:39
华为路由AX3 自动优选家用路由器双核wifi6+千兆端口3000M无线速率上网保护 学生家用高速路由信号强,华为,159.60,WiFi6,全千兆网口,5,发货速度快。质量很好。很容易就链接上了。上网速度快,2026-06-08 17:20:39
华为路由AX3 自动优选家用路由器双核wifi6+千兆端口3000M无线速率上网保护 学生家用高速路由信号强,华为,159.60,WiFi6,全千兆网口,5,整体评价：好看啊 外观材质：简洁的 覆盖区域：还不错哦 连接速度：挺快的 商家回复：尊敬的华为用户您好，您的肯定胜过万千华丽的辞藻！华为路由AX3 支持3000兆疾速网络和160MHz超大频宽，搭载独立信号放大器，覆盖无忧，还支持140+款智能手游加速，儿童上网关怀，可视化智能诊断等功能，更多惊喜功能，期待您多多体验。 更多,2026-06-08 17:20:39
华为路由AX3 自动优选家用路由器双核wifi6+千兆端口3000M无线速率上网保护 学生家用高速路由信号强,华为,159.60,WiFi6,全千兆网口,5,整体评价：好看啊 外观材质：简洁的 覆盖区域：还不错哦 连接速度：挺快的,2026-06-08 17:20:39
华为路由AX3 自动优选家用路由器双核wifi6+千兆端口3000M无线速率上网保护 学生家用高速路由信号强,华为,159.60,WiFi6,全千兆网口,5,华为AX3路由器用着挺顺手的，设置简单，手机连APP几步就搞定了。可以，推荐~,2026-06-08 17:20:39
华为路由AX3 自动优选家用路由器双核wifi6+千兆端口3000M无线速率上网保护 学生家用高速路由信号强,华为,159.60,WiFi6,全千兆网口,5,不愧是华为，换上以后家里网速又快又好又稳定，而且还有补贴，支持华为！ 商家回复：尊敬的华为用户您好，您的肯定胜过万千华丽的辞藻！华为路由AX3 支持3000兆疾速网络和160MHz超大频宽，搭载独立信号放大器，覆盖无忧，还支持140+款智能手游加速，儿童上网关怀，可视化智能诊断等功能，更多惊喜功能，期待您多多体验。 更多,2026-06-08 17:20:39
华为路由AX3 自动优选家用路由器双核wifi6+千兆端口3000M无线速率上网保护 学生家用高速路由信号强,华为,159.60,WiFi6,全千兆网口,5,不愧是华为，换上以后家里网速又快又好又稳定，而且还有补贴，支持华为！,2026-06-08 17:20:39
华为路由AX3 自动优选家用路由器双核wifi6+千兆端口3000M无线速率上网保护 学生家用高速路由信号强,华为,159.60,WiFi6,全千兆网口,5,这是买的第二个华为的路由器了，比我之前用的那个感觉网速太快一点，穿墙要好一点。 商家回复：尊敬的华为用户您好，您的肯定胜过万千华丽的辞藻！华为路由AX3 支持3000兆疾速网络和160MHz超大频宽，搭载独立信号放大器，覆盖无忧，还支持140+款智能手游加速，儿童上网关怀，可视化智能诊断等功能，更多惊喜功能，期待您多多体验。 更多,2026-06-08 17:20:39
华为路由AX3 自动优选家用路由器双核wifi6+千兆端口3000M无线速率上网保护 学生家用高速路由信号强,华为,159.60,WiFi6,全千兆网口,5,这是买的第二个华为的路由器了，比我之前用的那个感觉网速太快一点，穿墙要好一点。,2026-06-08 17:20:39
华为路由AX3 自动优选家用路由器双核wifi6+千兆端口3000M无线速率上网保护 学生家用高速路由信号强,华为,159.60,WiFi6,全千兆网口,5,发货速度惊人，下午下单，第二天一早就收到了。 商家回复：尊敬的华为用户您好，您的肯定胜过万千华丽的辞藻！华为路由AX3 支持3000兆疾速网络和160MHz超大频宽，搭载独立信号放大器，覆盖无忧，还支持140+款智能手游加速，儿童上网关怀，可视化智能诊断等功能，更多惊喜功能，期待您多多体验。 更多,2026-06-08 17:20:39
华为路由AX3 自动优选家用路由器双核wifi6+千兆端口3000M无线速率上网保护 学生家用高速路由信号强,华为,159.60,WiFi6,全千兆网口,5,发货速度惊人，下午下单，第二天一早就收到了。,2026-06-08 17:20:39
华为路由AX3 自动优选家用路由器双核wifi6+千兆端口3000M无线速率上网保护 学生家用高速路由信号强,华为,159.60,WiFi6,全千兆网口,5,华为路由器一直在用，质量好 信号稳定 赞！！ 商家回复：尊敬的华为用户您好，您的肯定胜过万千华丽的辞藻！华为路由AX3 支持3000兆疾速网络和160MHz超大频宽，搭载独立信号放大器，覆盖无忧，还支持140+款智能手游加速，儿童上网关怀，可视化智能诊断等功能，更多惊喜功能，期待您多多体验。 更多,2026-06-08 17:20:39
华为路由AX3 自动优选家用路由器双核wifi6+千兆端口3000M无线速率上网保护 学生家用高速路由信号强,华为,159.60,WiFi6,全千兆网口,5,华为路由器一直在用，质量好 信号稳定 赞！！,2026-06-08 17:20:39
华为路由AX3 自动优选家用路由器双核wifi6+千兆端口3000M无线速率上网保护 学生家用高速路由信号强,华为,159.60,WiFi6,全千兆网口,5,外观材质：很有质感 覆盖区域：完美覆盖 传输效果：嘎嘎好用 连接速度：极速连接,2026-06-08 17:20:39
华为路由AX3 自动优选家用路由器双核wifi6+千兆端口3000M无线速率上网保护 学生家用高速路由信号强,华为,159.60,WiFi6,全千兆网口,5,第一次买它家的，是安装宽带的师傅推荐的，目前用下来还不错，没啥问题，不知道之后有没有问题，如果有问题我再来追评告诉大家吧。,2026-06-08 17:20:39
华为路由AX3 自动优选家用路由器双核wifi6+千兆端口3000M无线速率上网保护 学生家用高速路由信号强,华为,159.60,WiFi6,全千兆网口,5,信号强，第二次购买 之前买了两个，这次又买了一个，彻底解决局部地区信号弱的问题 商家回复：尊敬的华为用户您好，您的肯定胜过万千华丽的辞藻！华为路由AX3 支持3000兆疾速网络和160MHz超大频宽，搭载独立信号放大器，覆盖无忧，还支持140+款智能手游加速，儿童上网关怀，可视化智能诊断等功能，更多惊喜功能，期待您多多体验。 更多,2026-06-08 17:20:39
华为路由AX3 自动优选家用路由器双核wifi6+千兆端口3000M无线速率上网保护 学生家用高速路由信号强,华为,159.60,WiFi6,全千兆网口,5,信号强，第二次购买 之前买了两个，这次又买了一个，彻底解决局部地区信号弱的问题,2026-06-08 17:20:39
华为路由AX3 自动优选家用路由器双核wifi6+千兆端口3000M无线速率上网保护 学生家用高速路由信号强,华为,159.60,WiFi6,全千兆网口,5,安装确实方便，省心省力。网速也是嘎嘎快，不错不错，外观也是很薄 商家回复：尊敬的华为用户您好，您的肯定胜过万千华丽的辞藻！华为路由AX3 支持3000兆疾速网络和160MHz超大频宽，搭载独立信号放大器，覆盖无忧，还支持140+款智能手游加速，儿童上网关怀，可视化智能诊断等功能，更多惊喜功能，期待您多多体验。 更多,2026-06-08 17:20:39
华为路由AX3 自动优选家用路由器双核wifi6+千兆端口3000M无线速率上网保护 学生家用高速路由信号强,华为,159.60,WiFi6,全千兆网口,5,安装确实方便，省心省力。网速也是嘎嘎快，不错不错，外观也是很薄,2026-06-08 17:20:39
华为路由AX3 自动优选家用路由器双核wifi6+千兆端口3000M无线速率上网保护 学生家用高速路由信号强,华为,159.60,WiFi6,全千兆网口,5,包装非常严实，里三层外三层的，完全不用担心运输损坏。 商家回复：尊敬的华为用户您好，您的赞许是对我们最大的认可！您选购的这款华为路由AX3具备华为Wi-Fi 6+智慧路由，3000兆疾速网络和160MHz超大频宽，搭载独立信号放大器，覆盖无忧，还支持140+款智能手游加速，儿童上网关怀，可视化智能诊断等功能，更多惊喜功能，期待您多多体验。 更多,2026-06-08 17:20:39
华为路由AX3 自动优选家用路由器双核wifi6+千兆端口3000M无线速率上网保护 学生家用高速路由信号强,华为,159.60,WiFi6,全千兆网口,5,链接非常方便，不像其它的那么麻烦，链接信号非常好，希望时间长了也一样的稳定。 商家回复：尊敬的华为用户您好，您的肯定胜过万千华丽的辞藻！华为路由AX3 支持3000兆疾速网络和160MHz超大频宽，搭载独立信号放大器，覆盖无忧，还支持140+款智能手游加速，儿童上网关怀，可视化智能诊断等功能，更多惊喜功能，期待您多多体验。 更多,2026-06-08 17:20:40
华为路由AX3 自动优选家用路由器双核wifi6+千兆端口3000M无线速率上网保护 学生家用高速路由信号强,华为,159.60,WiFi6,全千兆网口,5,链接非常方便，不像其它的那么麻烦，链接信号非常好，希望时间长了也一样的稳定。,2026-06-08 17:20:40
华为路由AX3 自动优选家用路由器双核wifi6+千兆端口3000M无线速率上网保护 学生家用高速路由信号强,华为,159.60,WiFi6,全千兆网口,5,安装简单，只需要插上电源和连上网线就行。连接完终于有网络了，网速还是很快的赞。,2026-06-08 17:20:40
华为路由AX3 自动优选家用路由器双核wifi6+千兆端口3000M无线速率上网保护 学生家用高速路由信号强,华为,159.60,WiFi6,全千兆网口,5,覆盖区域：广 传输效果：好 连接速度：快 商家回复：尊敬的华为用户您好，您的肯定胜过万千华丽的辞藻！华为路由AX3 支持3000兆疾速网络和160MHz超大频宽，搭载独立信号放大器，覆盖无忧，还支持140+款智能手游加速，儿童上网关怀，可视化智能诊断等功能，更多惊喜功能，期待您多多体验。 更多,2026-06-08 17:20:40
华为路由AX3 自动优选家用路由器双核wifi6+千兆端口3000M无线速率上网保护 学生家用高速路由信号强,华为,159.60,WiFi6,全千兆网口,5,覆盖区域：广 传输效果：好 连接速度：快,2026-06-08 17:20:40
华为路由AX3 自动优选家用路由器双核wifi6+千兆端口3000M无线速率上网保护 学生家用高速路由信号强,华为,159.60,WiFi6,全千兆网口,5,效果很好，100平方三房都是满格信号。 商家回复：尊敬的华为用户您好，您的赞许是对我们最大的认可！您选购的这款华为路由AX3具备华为Wi-Fi 6+智慧路由，3000兆疾速网络和160MHz超大频宽，搭载独立信号放大器，覆盖无忧，还支持140+款智能手游加速，儿童上网关怀，可视化智能诊断等功能，更多惊喜功能，期待您多多体验。 更多,2026-06-08 17:20:40
华为路由AX3 自动优选家用路由器双核wifi6+千兆端口3000M无线速率上网保护 学生家用高速路由信号强,华为,159.60,WiFi6,全千兆网口,5,效果很好，100平方三房都是满格信号。,2026-06-08 17:20:40
华为路由AX3 自动优选家用路由器双核wifi6+千兆端口3000M无线速率上网保护 学生家用高速路由信号强,华为,159.60,WiFi6,全千兆网口,5,安装确实方便，省心省力。 整体评价：好用，省事 拿回去连线就直接组网mesh成功了 覆盖区域：之前两个分散在角落了，不太够，加上这个够了,2026-06-08 17:20:40
华为路由AX3 自动优选家用路由器双核wifi6+千兆端口3000M无线速率上网保护 学生家用高速路由信号强,华为,159.60,WiFi6,全千兆网口,3,森**风 2026年5月22日已购：标准配置 / 【高性价比】AX3 白色 0 0 很好，大品牌值得信赖，网络很快， 商家回复：尊敬的华为用户您好，您的肯定胜过万千华丽的辞藻！华为路由AX3，3000兆疾速网络和160MHz超大频宽，搭载独立信号放大器，覆盖无忧，还支持140+款智能手游加速，儿童上网关怀，可视化智能诊断等功能 ，期待为您带去更多惊喜。 更多,2026-06-08 17:20:40
华为路由AX3 自动优选家用路由器双核wifi6+千兆端口3000M无线速率上网保护 学生家用高速路由信号强,华为,159.60,WiFi6,全千兆网口,3,收到货就迫不及待的安装好了，网络比以前好多了隔了三个墙刷抖音也不卡。信号挺好的不错,2026-06-08 17:20:40
华为路由AX3 自动优选家用路由器双核wifi6+千兆端口3000M无线速率上网保护 学生家用高速路由信号强,华为,159.60,WiFi6,全千兆网口,3,包装完好，整体挺好的，使用说明很清晰 商家回复：尊敬的华为用户您好，您的赞许是对我们最大的认可！您选购的这款华为路由AX3具备华为Wi-Fi 6+智慧路由，3000兆疾速网络和160MHz超大频宽，搭载独立信号放大器，覆盖无忧，还支持140+款智能手游加速，儿童上网关怀，可视化智能诊断等功能，更多惊喜功能，期待您多多体验。 更多,2026-06-08 17:20:40
华为路由AX3 自动优选家用路由器双核wifi6+千兆端口3000M无线速率上网保护 学生家用高速路由信号强,华为,159.60,WiFi6,全千兆网口,3,用着还行，性价比超高，白色外观干净清爽，7.80平房子首选！ 商家回复：尊敬的华为用户您好，您的肯定胜过万千华丽的辞藻！华为路由AX3 支持3000兆疾速网络和160MHz超大频宽，搭载独立信号放大器，覆盖无忧，还支持140+款智能手游加速，儿童上网关怀，可视化智能诊断等功能，更多惊喜功能，期待您多多体验。 更多,2026-06-08 17:20:40
华为路由AX3 自动优选家用路由器双核wifi6+千兆端口3000M无线速率上网保护 学生家用高速路由信号强,华为,159.60,WiFi6,全千兆网口,3,用着还行，性价比超高，白色外观干净清爽，7.80平房子首选！,2026-06-08 17:20:40
华为路由AX3 自动优选家用路由器双核wifi6+千兆端口3000M无线速率上网保护 学生家用高速路由信号强,华为,159.60,WiFi6,全千兆网口,3,安装方便，网速特别棒，价格也不贵，挺好的 商家回复：尊敬的华为用户您好，您的肯定胜过万千华丽的辞藻！华为路由AX3 支持3000兆疾速网络和160MHz超大频宽，搭载独立信号放大器，覆盖无忧，还支持140+款智能手游加速，儿童上网关怀，可视化智能诊断等功能，更多惊喜功能，期待您多多体验。 更多,2026-06-08 17:20:40
华为路由AX3 自动优选家用路由器双核wifi6+千兆端口3000M无线速率上网保护 学生家用高速路由信号强,华为,159.60,WiFi6,全千兆网口,3,安装方便，网速特别棒，价格也不贵，挺好的,2026-06-08 17:20:40
华为路由AX3 自动优选家用路由器双核wifi6+千兆端口3000M无线速率上网保护 学生家用高速路由信号强,华为,159.60,WiFi6,全千兆网口,3,挺好的！覆盖率超强！全屋都有网！现在上网打游戏都很顺！值得拥有！！ 商家回复：尊敬的华为用户您好，感谢您的认可和肯定，华为路由AX3拥有Wi-Fi 6+智慧路由，3000兆疾速网络和160MHz超大频宽，搭载独立信号放大器，覆盖无忧，还支持一碰连网、灵犀双 Wi-Fi、140+款智能手游加速，儿童上网关怀，可视化智能诊断等功能，期待您多多体验。 更多,2026-06-08 17:20:40
华为路由AX3 自动优选家用路由器双核wifi6+千兆端口3000M无线速率上网保护 学生家用高速路由信号强,华为,159.60,WiFi6,全千兆网口,3,挺好的！覆盖率超强！全屋都有网！现在上网打游戏都很顺！值得拥有！！,2026-06-08 17:20:40
华为路由AX3 自动优选家用路由器双核wifi6+千兆端口3000M无线速率上网保护 学生家用高速路由信号强,华为,159.60,WiFi6,全千兆网口,3,家里装宽带的工作人员推荐的，说这个好，后期看看效果 商家回复：尊敬的华为用户您好，您的肯定胜过万千华丽的辞藻！华为路由AX3 支持3000兆疾速网络和160MHz超大频宽，搭载独立信号放大器，覆盖无忧，还支持140+款智能手游加速，儿童上网关怀，可视化智能诊断等功能，更多惊喜功能，期待您多多体验。 更多,2026-06-08 17:20:40
华为路由AX3 自动优选家用路由器双核wifi6+千兆端口3000M无线速率上网保护 学生家用高速路由信号强,华为,159.60,WiFi6,全千兆网口,3,家里装宽带的工作人员推荐的，说这个好，后期看看效果,2026-06-08 17:20:40
华为路由AX3 自动优选家用路由器双核wifi6+千兆端口3000M无线速率上网保护 学生家用高速路由信号强,华为,159.60,WiFi6,全千兆网口,3,已安装好，连接速度很快，开机就畅快上网。 商家回复：尊敬的华为用户，您好！感谢您对华为的信任与支持！您选购的这款华为路由AX3具备华为Wi-Fi 6+智慧路由，3000兆疾速网络和160MHz超大频宽，搭载独立信号放大器，覆盖无忧，还支持140+款智能手游加速，儿童上网关怀，可视化智能诊断等功能，衷心感谢您对华为的信任与陪伴，更多惊喜功能期待您来探索！ 更多,2026-06-08 17:20:40
华为路由AX3 自动优选家用路由器双核wifi6+千兆端口3000M无线速率上网保护 学生家用高速路由信号强,华为,159.60,WiFi6,全千兆网口,3,已安装好，连接速度很快，开机就畅快上网。,2026-06-08 17:20:40
华为路由AX3 自动优选家用路由器双核wifi6+千兆端口3000M无线速率上网保护 学生家用高速路由信号强,华为,159.60,WiFi6,全千兆网口,3,整体评价：喜欢 外观材质： 传输效果： 连接速度： 商家回复：尊敬的华为用户您好，您的肯定胜过万千华丽的辞藻！华为路由AX3 支持3000兆疾速网络和160MHz超大频宽，搭载独立信号放大器，覆盖无忧，还支持140+款智能手游加速，儿童上网关怀，可视化智能诊断等功能，更多惊喜功能，期待您多多体验。 更多,2026-06-08 17:20:40
华为路由AX3 自动优选家用路由器双核wifi6+千兆端口3000M无线速率上网保护 学生家用高速路由信号强,华为,159.60,WiFi6,全千兆网口,3,整体评价：喜欢 外观材质： 传输效果： 连接速度：,2026-06-08 17:20:40
华为路由AX3 自动优选家用路由器双核wifi6+千兆端口3000M无线速率上网保护 学生家用高速路由信号强,华为,159.60,WiFi6,全千兆网口,3,操作简单，信号稳定，棒棒哒 商家回复：尊敬的华为用户您好，您的肯定胜过万千华丽的辞藻！华为路由AX3 支持3000兆疾速网络和160MHz超大频宽，搭载独立信号放大器，覆盖无忧，还支持140+款智能手游加速，儿童上网关怀，可视化智能诊断等功能，更多惊喜功能，期待您多多体验。 更多,2026-06-08 17:20:40
华为路由AX3 自动优选家用路由器双核wifi6+千兆端口3000M无线速率上网保护 学生家用高速路由信号强,华为,159.60,WiFi6,全千兆网口,3,操作简单，信号稳定，棒棒哒,2026-06-08 17:20:40
华为路由AX3 自动优选家用路由器双核wifi6+千兆端口3000M无线速率上网保护 学生家用高速路由信号强,华为,159.60,WiFi6,全千兆网口,3,很好，大品牌值得信赖，网络很快， 商家回复：尊敬的华为用户您好，您的肯定胜过万千华丽的辞藻！华为路由AX3，3000兆疾速网络和160MHz超大频宽，搭载独立信号放大器，覆盖无忧，还支持140+款智能手游加速，儿童上网关怀，可视化智能诊断等功能 ，期待为您带去更多惊喜。 更多,2026-06-08 17:20:40
华为路由AX3 自动优选家用路由器双核wifi6+千兆端口3000M无线速率上网保护 学生家用高速路由信号强,华为,159.60,WiFi6,全千兆网口,3,很好，大品牌值得信赖，网络很快，,2026-06-08 17:20:40
华为路由AX3 自动优选家用路由器双核wifi6+千兆端口3000M无线速率上网保护 学生家用高速路由信号强,华为,159.60,WiFi6,全千兆网口,3,非常满意的一次购物，好用，屋里信号好，上网快，还会光顾的 商家回复：尊敬的华为用户您好，您的赞许是对我们最大的认可！您选购的这款华为路由AX3具备华为Wi-Fi 6+智慧路由，3000兆疾速网络和160MHz超大频宽，搭载独立信号放大器，覆盖无忧，还支持140+款智能手游加速，儿童上网关怀，可视化智能诊断等功能，更多惊喜功能，期待您多多体验。 更多,2026-06-08 17:20:40
华为路由AX3 自动优选家用路由器双核wifi6+千兆端口3000M无线速率上网保护 学生家用高速路由信号强,华为,159.60,WiFi6,全千兆网口,3,非常满意的一次购物，好用，屋里信号好，上网快，还会光顾的,2026-06-08 17:20:40
华为路由AX3 自动优选家用路由器双核wifi6+千兆端口3000M无线速率上网保护 学生家用高速路由信号强,华为,159.60,WiFi6,全千兆网口,3,连接速度：快 覆盖区域：大 传输效果：好 商家回复：尊敬的华为用户您好，您的赞许是对我们最大的认可！您选购的这款华为路由AX3具备华为Wi-Fi 6+智慧路由，3000兆疾速网络和160MHz超大频宽，搭载独立信号放大器，覆盖无忧，还支持140+款智能手游加速，儿童上网关怀，可视化智能诊断等功能，更多惊喜功能，期待您多多体验。 更多,2026-06-08 17:20:40
华为路由AX3 自动优选家用路由器双核wifi6+千兆端口3000M无线速率上网保护 学生家用高速路由信号强,华为,159.60,WiFi6,全千兆网口,3,连接速度：快 覆盖区域：大 传输效果：好,2026-06-08 17:20:40
华为路由AX3 自动优选家用路由器双核wifi6+千兆端口3000M无线速率上网保护 学生家用高速路由信号强,华为,159.60,WiFi6,全千兆网口,3,目前看非常可以，针对华为设备完全没问题，苹果设备用几天看看 商家回复：尊敬的华为用户您好，您的肯定胜过万千华丽的辞藻！华为路由AX3 支持3000兆疾速网络和160MHz超大频宽，搭载独立信号放大器，覆盖无忧，还支持140+款智能手游加速，儿童上网关怀，可视化智能诊断等功能，更多惊喜功能，期待您多多体验。 更多,2026-06-08 17:20:40
华为路由AX3 自动优选家用路由器双核wifi6+千兆端口3000M无线速率上网保护 学生家用高速路由信号强,华为,159.60,WiFi6,全千兆网口,3,华为AX3路由器收到货，包装很好无损，快递小哥专门联系送货上门。路由器外观设计美观大方，按照说明书安装，我华为手机下载智能App，连接路由器，设置好密码，一次成功。穿墙效果比原来的小米强，在房间内信号基本满格，上网也快多了，不愧是正规名牌产品！,2026-06-08 17:20:40
华为路由AX3 自动优选家用路由器双核wifi6+千兆端口3000M无线速率上网保护 学生家用高速路由信号强,华为,159.60,WiFi6,全千兆网口,3,安装确实方便，省心省力。手机网速也快，民族品牌就是好用！！！ 商家回复：尊敬的华为用户您好，您的赞许是对我们最大的认可！您选购的这款华为路由AX3具备华为Wi-Fi 6+智慧路由，3000兆疾速网络和160MHz超大频宽，搭载独立信号放大器，覆盖无忧，还支持140+款智能手游加速，儿童上网关怀，可视化智能诊断等功能，更多惊喜功能，期待您多多体验。 更多,2026-06-08 17:20:40
华为路由AX3 自动优选家用路由器双核wifi6+千兆端口3000M无线速率上网保护 学生家用高速路由信号强,华为,159.60,WiFi6,全千兆网口,3,安装确实方便，省心省力。手机网速也快，民族品牌就是好用！！！,2026-06-08 17:20:40
华为路由AX3 自动优选家用路由器双核wifi6+千兆端口3000M无线速率上网保护 学生家用高速路由信号强,华为,159.60,WiFi6,全千兆网口,3,非常好，世界第一，华为，手机也是华为信号超级无敌 商家回复：尊敬的华为用户您好，感谢您的认可和肯定，华为路由AX3拥有Wi-Fi 6+智慧路由，3000兆疾速网络和160MHz超大频宽，搭载独立信号放大器，覆盖无忧，还支持一碰连网、灵犀双 Wi-Fi、140+款智能手游加速，儿童上网关怀，可视化智能诊断等功能，期待您多多体验。 更多,2026-06-08 17:20:40
华为路由AX3 自动优选家用路由器双核wifi6+千兆端口3000M无线速率上网保护 学生家用高速路由信号强,华为,159.60,WiFi6,全千兆网口,3,非常好，世界第一，华为，手机也是华为信号超级无敌,2026-06-08 17:20:40
华为路由AX3 自动优选家用路由器双核wifi6+千兆端口3000M无线速率上网保护 学生家用高速路由信号强,华为,159.60,WiFi6,全千兆网口,3,这款路由器质量非常的好，价格也优惠 商家回复：尊敬的华为用户您好，您的肯定胜过万千华丽的辞藻！华为路由AX3 支持3000兆疾速网络和160MHz超大频宽，搭载独立信号放大器，覆盖无忧，还支持140+款智能手游加速，儿童上网关怀，可视化智能诊断等功能，更多惊喜功能，期待您多多体验。 更多,2026-06-08 17:20:40
华为路由AX3 自动优选家用路由器双核wifi6+千兆端口3000M无线速率上网保护 学生家用高速路由信号强,华为,159.60,WiFi6,全千兆网口,3,这款路由器质量非常的好，价格也优惠,2026-06-08 17:20:40
华为路由AX3 自动优选家用路由器双核wifi6+千兆端口3000M无线速率上网保护 学生家用高速路由信号强,华为,159.60,WiFi6,全千兆网口,3,匿名买家 2026年5月7日已购：标准配置 / 【高性价比】AX3 白色 0 0 外形美观，连接速度很快，网速稳定 商家回复：尊敬的华为用户您好，您的肯定胜过万千华丽的辞藻！华为路由AX3，3000兆疾速网络和160MHz超大频宽，搭载独立信号放大器，覆盖无忧，还支持140+款智能手游加速，儿童上网关怀，可视化智能诊断等功能 ，期待为您带去更多惊喜。 更多,2026-06-08 17:20:40
华为路由AX3 自动优选家用路由器双核wifi6+千兆端口3000M无线速率上网保护 学生家用高速路由信号强,华为,159.60,WiFi6,全千兆网口,3,手*** 2026年5月7日已购：标准配置 / 【高性价比】AX3 白色 0 0 信号覆盖面积大。挺好👌🏻 商家回复：尊敬的华为用户您好，您的肯定胜过万千华丽的辞藻！华为路由AX3，3000兆疾速网络和160MHz超大频宽，搭载独立信号放大器，覆盖无忧，还支持140+款智能手游加速，儿童上网关怀，可视化智能诊断等功能 ，期待为您带去更多惊喜。 更多,2026-06-08 17:20:40
华为路由AX3 自动优选家用路由器双核wifi6+千兆端口3000M无线速率上网保护 学生家用高速路由信号强,华为,159.60,WiFi6,全千兆网口,3,于**子 2026年6月2日已购：标准配置 / 【高性价比】AX3 白色 0 0 蛮好用 安装配置也方便 商家回复：尊敬的华为用户您好，您的肯定胜过万千华丽的辞藻！华为路由AX3 支持3000兆疾速网络和160MHz超大频宽，搭载独立信号放大器，覆盖无忧，还支持140+款智能手游加速，儿童上网关怀，可视化智能诊断等功能，更多惊喜功能，期待您多多体验。 更多,2026-06-08 17:20:40
华为路由AX3 自动优选家用路由器双核wifi6+千兆端口3000M无线速率上网保护 学生家用高速路由信号强,华为,159.60,WiFi6,全千兆网口,3,巧**斌 2026年5月25日已购：标准配置 / 【高性价比】AX3 白色 0 0 第二次购买，信号确实好 商家回复：尊敬的华为用户您好，您的肯定胜过万千华丽的辞藻！华为路由AX3 支持3000兆疾速网络和160MHz超大频宽，搭载独立信号放大器，覆盖无忧，还支持140+款智能手游加速，儿童上网关怀，可视化智能诊断等功能，更多惊喜功能，期待您多多体验。 更多,2026-06-08 17:20:40
华为路由AX3 自动优选家用路由器双核wifi6+千兆端口3000M无线速率上网保护 学生家用高速路由信号强,华为,159.60,WiFi6,全千兆网口,3,匿名买家 2026年5月21日已购：标准配置 / 【高性价比】AX3 白色 0 0 很好！华为的老用户了。 商家回复：尊敬的华为用户您好，您的肯定胜过万千华丽的辞藻！华为路由AX3，3000兆疾速网络和160MHz超大频宽，搭载独立信号放大器，覆盖无忧，还支持140+款智能手游加速，儿童上网关怀，可视化智能诊断等功能 ，期待为您带去更多惊喜。 更多,2026-06-08 17:20:40
华为路由AX3 自动优选家用路由器双核wifi6+千兆端口3000M无线速率上网保护 学生家用高速路由信号强,华为,159.60,WiFi6,全千兆网口,3,爱**子 2026年5月19日已购：标准配置 / 【高性价比】AX3 白色 0 0 信号非常哇塞，不错不错 商家回复：尊敬的华为用户您好，您的肯定胜过万千华丽的辞藻！华为路由AX3，3000兆疾速网络和160MHz超大频宽，搭载独立信号放大器，覆盖无忧，还支持140+款智能手游加速，儿童上网关怀，可视化智能诊断等功能 ，期待为您带去更多惊喜。 更多,2026-06-08 17:20:40
华为路由AX3 自动优选家用路由器双核wifi6+千兆端口3000M无线速率上网保护 学生家用高速路由信号强,华为,159.60,WiFi6,全千兆网口,3,安装了非常好，网速快，WiFi上面显示数字6，查了一下是特快的意思，别的房间信号也很好不卡流畅，非常满意的一款路由器。,2026-06-08 17:20:40
华为路由AX3 自动优选家用路由器双核wifi6+千兆端口3000M无线速率上网保护 学生家用高速路由信号强,华为,159.60,WiFi6,全千兆网口,3,外形美观，连接速度很快，网速稳定 商家回复：尊敬的华为用户您好，您的肯定胜过万千华丽的辞藻！华为路由AX3，3000兆疾速网络和160MHz超大频宽，搭载独立信号放大器，覆盖无忧，还支持140+款智能手游加速，儿童上网关怀，可视化智能诊断等功能 ，期待为您带去更多惊喜。 更多,2026-06-08 17:20:40
华为路由AX3 自动优选家用路由器双核wifi6+千兆端口3000M无线速率上网保护 学生家用高速路由信号强,华为,159.60,WiFi6,全千兆网口,3,外形美观，连接速度很快，网速稳定,2026-06-08 17:20:40
华为路由AX3 自动优选家用路由器双核wifi6+千兆端口3000M无线速率上网保护 学生家用高速路由信号强,华为,159.60,WiFi6,全千兆网口,3,信号覆盖面积大。挺好👌🏻 商家回复：尊敬的华为用户您好，您的肯定胜过万千华丽的辞藻！华为路由AX3，3000兆疾速网络和160MHz超大频宽，搭载独立信号放大器，覆盖无忧，还支持140+款智能手游加速，儿童上网关怀，可视化智能诊断等功能 ，期待为您带去更多惊喜。 更多,2026-06-08 17:20:40
华为路由AX3 自动优选家用路由器双核wifi6+千兆端口3000M无线速率上网保护 学生家用高速路由信号强,华为,159.60,WiFi6,全千兆网口,3,信号覆盖面积大。挺好👌🏻,2026-06-08 17:20:40
华为路由AX3 自动优选家用路由器双核wifi6+千兆端口3000M无线速率上网保护 学生家用高速路由信号强,华为,159.60,WiFi6,全千兆网口,3,质量很好，收到马上使用，什 外观材质：好值得购买 商家回复：尊敬的华为用户您好，您的赞许是对我们最大的认可！您选购的这款华为路由AX3具备华为Wi-Fi 6+智慧路由，3000兆疾速网络和160MHz超大频宽，搭载独立信号放大器，覆盖无忧，还支持140+款智能手游加速，儿童上网关怀，可视化智能诊断等功能，更多惊喜功能，期待您多多体验。 更多,2026-06-08 17:20:40
华为路由AX3 自动优选家用路由器双核wifi6+千兆端口3000M无线速率上网保护 学生家用高速路由信号强,华为,159.60,WiFi6,全千兆网口,3,质量很好，收到马上使用，什 外观材质：好值得购买,2026-06-08 17:20:40
华为路由AX3 自动优选家用路由器双核wifi6+千兆端口3000M无线速率上网保护 学生家用高速路由信号强,华为,159.60,WiFi6,全千兆网口,3,用着还行，之前的太多年了， 商家回复：尊敬的华为用户您好，您的肯定胜过万千华丽的辞藻！华为路由AX3 支持3000兆疾速网络和160MHz超大频宽，搭载独立信号放大器，覆盖无忧，还支持140+款智能手游加速，儿童上网关怀，可视化智能诊断等功能，更多惊喜功能，期待您多多体验。 更多,2026-06-08 17:20:40
华为路由AX3 自动优选家用路由器双核wifi6+千兆端口3000M无线速率上网保护 学生家用高速路由信号强,华为,159.60,WiFi6,全千兆网口,3,蛮好用 安装配置也方便 商家回复：尊敬的华为用户您好，您的肯定胜过万千华丽的辞藻！华为路由AX3 支持3000兆疾速网络和160MHz超大频宽，搭载独立信号放大器，覆盖无忧，还支持140+款智能手游加速，儿童上网关怀，可视化智能诊断等功能，更多惊喜功能，期待您多多体验。 更多,2026-06-08 17:20:40
华为路由AX3 自动优选家用路由器双核wifi6+千兆端口3000M无线速率上网保护 学生家用高速路由信号强,华为,159.60,WiFi6,全千兆网口,3,蛮好用 安装配置也方便,2026-06-08 17:20:40
华为路由AX3 自动优选家用路由器双核wifi6+千兆端口3000M无线速率上网保护 学生家用高速路由信号强,华为,159.60,WiFi6,全千兆网口,3,安装很方便。信号比以前好多了。开心。 商家回复：尊敬的华为用户您好，您的赞许是对我们最大的认可！华为路由AX3，华为Wi-Fi 6+智慧路由，3000兆疾速网络和160MHz超大频宽，搭载独立信号放大器，覆盖无忧，还支持140+款智能手游加速，儿童上网关怀，可视化智能诊断等功能。期待为您带去更多惊喜。 更多,2026-06-08 17:20:40
华为路由AX3 自动优选家用路由器双核wifi6+千兆端口3000M无线速率上网保护 学生家用高速路由信号强,华为,159.60,WiFi6,全千兆网口,3,安装很方便。信号比以前好多了。开心。,2026-06-08 17:20:40
华为路由AX3 自动优选家用路由器双核wifi6+千兆端口3000M无线速率上网保护 学生家用高速路由信号强,华为,159.60,WiFi6,全千兆网口,3,网速得到提高，下载700Mbps，上传100mbps 商家回复：尊敬的华为用户您好，感谢您的认可和肯定，华为路由AX3拥有Wi-Fi 6+智慧路由，3000兆疾速网络和160MHz超大频宽，搭载独立信号放大器，覆盖无忧，还支持一碰连网、灵犀双 Wi-Fi、140+款智能手游加速，儿童上网关怀，可视化智能诊断等功能，期待您多多体验。 更多,2026-06-08 17:20:40
华为路由AX3 自动优选家用路由器双核wifi6+千兆端口3000M无线速率上网保护 学生家用高速路由信号强,华为,159.60,WiFi6,全千兆网口,3,网速得到提高，下载700Mbps，上传100mbps,2026-06-08 17:20:40
华为路由AX3 自动优选家用路由器双核wifi6+千兆端口3000M无线速率上网保护 学生家用高速路由信号强,华为,159.60,WiFi6,全千兆网口,3,设置简单，目前用起来感觉很好，继续观察 商家回复：尊敬的华为用户您好，您的赞许是对我们最大的认可！您选购的这款华为路由AX3具备华为Wi-Fi 6+智慧路由，3000兆疾速网络和160MHz超大频宽，搭载独立信号放大器，覆盖无忧，还支持140+款智能手游加速，儿童上网关怀，可视化智能诊断等功能，更多惊喜功能，期待您多多体验。 更多,2026-06-08 17:20:40
华为路由AX3 自动优选家用路由器双核wifi6+千兆端口3000M无线速率上网保护 学生家用高速路由信号强,华为,159.60,WiFi6,全千兆网口,3,设置简单，目前用起来感觉很好，继续观察,2026-06-08 17:20:40
华为路由AX3 自动优选家用路由器双核wifi6+千兆端口3000M无线速率上网保护 学生家用高速路由信号强,华为,159.60,WiFi6,全千兆网口,3,第二次购买，信号确实好 商家回复：尊敬的华为用户您好，您的肯定胜过万千华丽的辞藻！华为路由AX3 支持3000兆疾速网络和160MHz超大频宽，搭载独立信号放大器，覆盖无忧，还支持140+款智能手游加速，儿童上网关怀，可视化智能诊断等功能，更多惊喜功能，期待您多多体验。 更多,2026-06-08 17:20:40
华为路由AX3 自动优选家用路由器双核wifi6+千兆端口3000M无线速率上网保护 学生家用高速路由信号强,华为,159.60,WiFi6,全千兆网口,3,第二次购买，信号确实好,2026-06-08 17:20:40
华为路由AX3 自动优选家用路由器双核wifi6+千兆端口3000M无线速率上网保护 学生家用高速路由信号强,华为,159.60,WiFi6,全千兆网口,3,安装后挺好使用的，网速也快。 商家回复：尊敬的华为用户您好，您的赞许是对我们最大的认可！您选购的这款华为路由AX3具备华为Wi-Fi 6+智慧路由，3000兆疾速网络和160MHz超大频宽，搭载独立信号放大器，覆盖无忧，还支持140+款智能手游加速，儿童上网关怀，可视化智能诊断等功能，更多惊喜功能，期待您多多体验。 更多,2026-06-08 17:20:40
华为路由AX3 自动优选家用路由器双核wifi6+千兆端口3000M无线速率上网保护 学生家用高速路由信号强,华为,159.60,WiFi6,全千兆网口,3,安装后挺好使用的，网速也快。,2026-06-08 17:20:40
华为路由AX3 自动优选家用路由器双核wifi6+千兆端口3000M无线速率上网保护 学生家用高速路由信号强,华为,159.60,WiFi6,全千兆网口,3,非常好。速度非常快。操作非常简单。 商家回复：尊敬的华为用户您好，您的肯定胜过万千华丽的辞藻！华为路由AX3，3000兆疾速网络和160MHz超大频宽，搭载独立信号放大器，覆盖无忧，还支持140+款智能手游加速，儿童上网关怀，可视化智能诊断等功能 ，期待为您带去更多惊喜。 更多,2026-06-08 17:20:40
华为路由AX3 自动优选家用路由器双核wifi6+千兆端口3000M无线速率上网保护 学生家用高速路由信号强,华为,159.60,WiFi6,全千兆网口,3,非常好。速度非常快。操作非常简单。,2026-06-08 17:20:40
华为路由AX3 自动优选家用路由器双核wifi6+千兆端口3000M无线速率上网保护 学生家用高速路由信号强,华为,159.60,WiFi6,全千兆网口,3,很好！华为的老用户了。 商家回复：尊敬的华为用户您好，您的肯定胜过万千华丽的辞藻！华为路由AX3，3000兆疾速网络和160MHz超大频宽，搭载独立信号放大器，覆盖无忧，还支持140+款智能手游加速，儿童上网关怀，可视化智能诊断等功能 ，期待为您带去更多惊喜。 更多,2026-06-08 17:20:40
华为路由AX3 自动优选家用路由器双核wifi6+千兆端口3000M无线速率上网保护 学生家用高速路由信号强,华为,159.60,WiFi6,全千兆网口,3,✨路由器收到啦，包装很严实~📦设置过程挺简单的，跟着说明书几步就弄好了。信号覆盖还不错，家里每个角落都能连上，看视频也不卡顿。整体用下来感觉挺满意的，性价比挺高~👍,2026-06-08 17:20:40
华为路由AX3 自动优选家用路由器双核wifi6+千兆端口3000M无线速率上网保护 学生家用高速路由信号强,华为,159.60,WiFi6,全千兆网口,3,信号非常哇塞，不错不错 商家回复：尊敬的华为用户您好，您的肯定胜过万千华丽的辞藻！华为路由AX3，3000兆疾速网络和160MHz超大频宽，搭载独立信号放大器，覆盖无忧，还支持140+款智能手游加速，儿童上网关怀，可视化智能诊断等功能 ，期待为您带去更多惊喜。 更多,2026-06-08 17:20:40
华为路由AX3 自动优选家用路由器双核wifi6+千兆端口3000M无线速率上网保护 学生家用高速路由信号强,华为,159.60,WiFi6,全千兆网口,3,信号非常哇塞，不错不错,2026-06-08 17:20:40
华为路由AX3 自动优选家用路由器双核wifi6+千兆端口3000M无线速率上网保护 学生家用高速路由信号强,华为,159.60,WiFi6,全千兆网口,3,匿名买家 2026年5月17日已购：标准配置 / 【高性价比】AX3 白色 0 0 好用实惠又方便！信号强 商家回复：尊敬的华为用户您好，您的肯定胜过万千华丽的辞藻！华为路由AX3 支持3000兆疾速网络和160MHz超大频宽，搭载独立信号放大器，覆盖无忧，还支持140+款智能手游加速，儿童上网关怀，可视化智能诊断等功能，更多惊喜功能，期待您多多体验。 更多,2026-06-08 17:20:40
华为路由AX3 自动优选家用路由器双核wifi6+千兆端口3000M无线速率上网保护 学生家用高速路由信号强,华为,159.60,WiFi6,全千兆网口,3,好用实惠又方便！信号强 商家回复：尊敬的华为用户您好，您的肯定胜过万千华丽的辞藻！华为路由AX3 支持3000兆疾速网络和160MHz超大频宽，搭载独立信号放大器，覆盖无忧，还支持140+款智能手游加速，儿童上网关怀，可视化智能诊断等功能，更多惊喜功能，期待您多多体验。 更多,2026-06-08 17:20:40
华为路由AX3 自动优选家用路由器双核wifi6+千兆端口3000M无线速率上网保护 学生家用高速路由信号强,华为,159.60,WiFi6,全千兆网口,3,好用实惠又方便！信号强,2026-06-08 17:20:40
华为路由AX3 自动优选家用路由器双核wifi6+千兆端口3000M无线速率上网保护 学生家用高速路由信号强,华为,159.60,WiFi6,全千兆网口,3,商品收到用了，质量很好，满意 商家回复：尊敬的华为用户您好，您的肯定胜过万千华丽的辞藻！华为路由AX3 支持3000兆疾速网络和160MHz超大频宽，搭载独立信号放大器，覆盖无忧，还支持140+款智能手游加速，儿童上网关怀，可视化智能诊断等功能，更多惊喜功能，期待您多多体验。 更多,2026-06-08 17:20:40
华为路由AX3 自动优选家用路由器双核wifi6+千兆端口3000M无线速率上网保护 学生家用高速路由信号强,华为,159.60,WiFi6,全千兆网口,3,商品收到用了，质量很好，满意,2026-06-08 17:20:40
华为路由AX3 自动优选家用路由器双核wifi6+千兆端口3000M无线速率上网保护 学生家用高速路由信号强,华为,159.60,WiFi6,全千兆网口,3,电子设备，华为有的，就不太愿意选择其他品牌，家里的网络设备及电子设备，基本都是华为的。这是二十多年积累的对品牌的信赖。,2026-06-08 17:20:40
华为路由AX3 自动优选家用路由器双核wifi6+千兆端口3000M无线速率上网保护 学生家用高速路由信号强,华为,159.60,WiFi6,全千兆网口,3,好用，朋友介绍的，非常好用，网速又快 商家回复：尊敬的华为用户您好，您的肯定胜过万千华丽的辞藻！华为路由AX3 支持3000兆疾速网络和160MHz超大频宽，搭载独立信号放大器，覆盖无忧，还支持140+款智能手游加速，儿童上网关怀，可视化智能诊断等功能，更多惊喜功能，期待您多多体验。 更多,2026-06-08 17:20:40
华为路由AX3 自动优选家用路由器双核wifi6+千兆端口3000M无线速率上网保护 学生家用高速路由信号强,华为,159.60,WiFi6,全千兆网口,3,好用，朋友介绍的，非常好用，网速又快,2026-06-08 17:20:40
华为路由AX3 自动优选家用路由器双核wifi6+千兆端口3000M无线速率上网保护 学生家用高速路由信号强,华为,159.60,WiFi6,全千兆网口,3,传输效果：OK 连接速度：还可以 商家回复：尊敬的华为用户您好，您的赞许是对我们最大的认可！您选购的这款华为路由AX3具备华为Wi-Fi 6+智慧路由，3000兆疾速网络和160MHz超大频宽，搭载独立信号放大器，覆盖无忧，还支持140+款智能手游加速，儿童上网关怀，可视化智能诊断等功能，更多惊喜功能，期待您多多体验。 更多,2026-06-08 17:20:40
华为路由AX3 自动优选家用路由器双核wifi6+千兆端口3000M无线速率上网保护 学生家用高速路由信号强,华为,159.60,WiFi6,全千兆网口,3,传输效果：OK 连接速度：还可以,2026-06-08 17:20:40
华为路由AX3 自动优选家用路由器双核wifi6+千兆端口3000M无线速率上网保护 学生家用高速路由信号强,华为,159.60,WiFi6,全千兆网口,1,比惠普的好多了 买个惠普的跟家里百兆的网速差不多..搞半天搞不好 差不多以为光猫坏了 换了一个路由器就好了,2026-06-08 17:20:40
华为路由AX3 自动优选家用路由器双核wifi6+千兆端口3000M无线速率上网保护 学生家用高速路由信号强,华为,159.60,WiFi6,全千兆网口,3,下单第二次了，还的是华为就是好用 商家回复：尊敬的华为用户您好，您的赞许是对我们最大的认可！您选购的这款华为路由AX3具备华为Wi-Fi 6+智慧路由，3000兆疾速网络和160MHz超大频宽，搭载独立信号放大器，覆盖无忧，还支持140+款智能手游加速，儿童上网关怀，可视化智能诊断等功能，更多惊喜功能，期待您多多体验。 更多,2026-06-08 17:20:40
华为路由AX3 自动优选家用路由器双核wifi6+千兆端口3000M无线速率上网保护 学生家用高速路由信号强,华为,159.60,WiFi6,全千兆网口,3,下单第二次了，还的是华为就是好用,2026-06-08 17:20:40
华为路由AX3 自动优选家用路由器双核wifi6+千兆端口3000M无线速率上网保护 学生家用高速路由信号强,华为,159.60,WiFi6,全千兆网口,3,还是挺好的，用起来也方便，质量好，安装很简单 商家回复：尊敬的华为用户您好，您的肯定胜过万千华丽的辞藻！华为路由AX3，3000兆疾速网络和160MHz超大频宽，搭载独立信号放大器，覆盖无忧，还支持140+款智能手游加速，儿童上网关怀，可视化智能诊断等功能 ，期待为您带去更多惊喜。 更多,2026-06-08 17:20:40
华为路由AX3 自动优选家用路由器双核wifi6+千兆端口3000M无线速率上网保护 学生家用高速路由信号强,华为,159.60,WiFi6,全千兆网口,3,还是挺好的，用起来也方便，质量好，安装很简单,2026-06-08 17:20:40
华为路由AX3 自动优选家用路由器双核wifi6+千兆端口3000M无线速率上网保护 学生家用高速路由信号强,华为,159.60,WiFi6,全千兆网口,3,安装确实很简单，新手也能搞定。 传输效果：很不错，阁楼上信号好 外观材质：简洁大方 商家回复：尊敬的华为用户您好，您的肯定胜过万千华丽的辞藻！华为路由AX3 支持3000兆疾速网络和160MHz超大频宽，搭载独立信号放大器，覆盖无忧，还支持140+款智能手游加速，儿童上网关怀，可视化智能诊断等功能，更多惊喜功能，期待您多多体验。 更多,2026-06-08 17:20:40
华为路由AX3 自动优选家用路由器双核wifi6+千兆端口3000M无线速率上网保护 学生家用高速路由信号强,华为,159.60,WiFi6,全千兆网口,3,安装确实很简单，新手也能搞定。 传输效果：很不错，阁楼上信号好 外观材质：简洁大方,2026-06-08 17:20:40
华为路由AX3 自动优选家用路由器双核wifi6+千兆端口3000M无线速率上网保护 学生家用高速路由信号强,华为,159.60,WiFi6,全千兆网口,3,挺好用的，安宽带的时候，让师傅一块就安上了挺好的 商家回复：尊敬的华为用户您好，感谢您的认可和肯定，华为路由AX3拥有Wi-Fi 6+智慧路由，3000兆疾速网络和160MHz超大频宽，搭载独立信号放大器，覆盖无忧，还支持一碰连网、灵犀双 Wi-Fi、140+款智能手游加速，儿童上网关怀，可视化智能诊断等功能，期待您多多体验。 更多,2026-06-08 17:20:40
华为路由AX3 自动优选家用路由器双核wifi6+千兆端口3000M无线速率上网保护 学生家用高速路由信号强,华为,159.60,WiFi6,全千兆网口,3,挺好用的，安宽带的时候，让师傅一块就安上了挺好的,2026-06-08 17:20:40
华为路由AX3 自动优选家用路由器双核wifi6+千兆端口3000M无线速率上网保护 学生家用高速路由信号强,华为,159.60,WiFi6,全千兆网口,3,宝贝已经收到了，很满意的一次购物。 商家回复：尊敬的华为用户您好，感谢您的认可和肯定，华为路由AX3拥有Wi-Fi 6+智慧路由，3000兆疾速网络和160MHz超大频宽，搭载独立信号放大器，覆盖无忧，还支持一碰连网、灵犀双 Wi-Fi、140+款智能手游加速，儿童上网关怀，可视化智能诊断等功能，期待您多多体验。 更多,2026-06-08 17:20:40
华为路由AX3 自动优选家用路由器双核wifi6+千兆端口3000M无线速率上网保护 学生家用高速路由信号强,华为,159.60,WiFi6,全千兆网口,3,宝贝已经收到了，很满意的一次购物。,2026-06-08 17:20:40
华为路由AX3 自动优选家用路由器双核wifi6+千兆端口3000M无线速率上网保护 学生家用高速路由信号强,华为,159.60,WiFi6,全千兆网口,3,安装方便，设个密码就可以了 商家回复：尊敬的华为用户您好，感谢您的认可和肯定，华为路由AX3拥有Wi-Fi 6+智慧路由，3000兆疾速网络和160MHz超大频宽，搭载独立信号放大器，覆盖无忧，还支持一碰连网、灵犀双 Wi-Fi、140+款智能手游加速，儿童上网关怀，可视化智能诊断等功能，期待您多多体验。 更多,2026-06-08 17:20:40
华为路由AX3 自动优选家用路由器双核wifi6+千兆端口3000M无线速率上网保护 学生家用高速路由信号强,华为,159.60,WiFi6,全千兆网口,3,安装方便，设个密码就可以了,2026-06-08 17:20:40
华为路由AX3 自动优选家用路由器双核wifi6+千兆端口3000M无线速率上网保护 学生家用高速路由信号强,华为,159.60,WiFi6,全千兆网口,3,安装简单，网速咔咔的快！华为国货荣光！ 商家回复：尊敬的华为用户您好，您的肯定胜过万千华丽的辞藻！华为路由AX3 支持3000兆疾速网络和160MHz超大频宽，搭载独立信号放大器，覆盖无忧，还支持140+款智能手游加速，儿童上网关怀，可视化智能诊断等功能，更多惊喜功能，期待您多多体验。 更多,2026-06-08 17:20:40
华为路由AX3 自动优选家用路由器双核wifi6+千兆端口3000M无线速率上网保护 学生家用高速路由信号强,华为,159.60,WiFi6,全千兆网口,3,安装简单，网速咔咔的快！华为国货荣光！,2026-06-08 17:20:40
华为路由AX3 自动优选家用路由器双核wifi6+千兆端口3000M无线速率上网保护 学生家用高速路由信号强,华为,159.60,WiFi6,全千兆网口,3,安装很简单 很好操作 使用很方便呢 商家回复：尊敬的华为用户您好，您的赞许是对我们最大的认可！您选购的这款华为路由AX3具备华为Wi-Fi 6+智慧路由，3000兆疾速网络和160MHz超大频宽，搭载独立信号放大器，覆盖无忧，还支持140+款智能手游加速，儿童上网关怀，可视化智能诊断等功能，更多惊喜功能，期待您多多体验。 更多,2026-06-08 17:20:40
华为路由AX3 自动优选家用路由器双核wifi6+千兆端口3000M无线速率上网保护 学生家用高速路由信号强,华为,159.60,WiFi6,全千兆网口,3,安装很简单 很好操作 使用很方便呢,2026-06-08 17:20:40
华为路由AX3 自动优选家用路由器双核wifi6+千兆端口3000M无线速率上网保护 学生家用高速路由信号强,华为,159.60,WiFi6,全千兆网口,3,网速很快 外观材质： 连接速度： 商家回复：尊敬的华为用户您好，您的肯定胜过万千华丽的辞藻！华为路由AX3 支持3000兆疾速网络和160MHz超大频宽，搭载独立信号放大器，覆盖无忧，还支持140+款智能手游加速，儿童上网关怀，可视化智能诊断等功能，更多惊喜功能，期待您多多体验。 更多,2026-06-08 17:20:40
华为路由AX3 自动优选家用路由器双核wifi6+千兆端口3000M无线速率上网保护 学生家用高速路由信号强,华为,159.60,WiFi6,全千兆网口,3,网速很快 外观材质： 连接速度：,2026-06-08 17:20:40
华为路由AX3 自动优选家用路由器双核wifi6+千兆端口3000M无线速率上网保护 学生家用高速路由信号强,华为,159.60,WiFi6,全千兆网口,3,可以的，用过之后再评论。。。。 商家回复：尊敬的华为用户您好，您的肯定胜过万千华丽的辞藻！华为路由AX3 支持3000兆疾速网络和160MHz超大频宽，搭载独立信号放大器，覆盖无忧，还支持140+款智能手游加速，儿童上网关怀，可视化智能诊断等功能，更多惊喜功能，期待您多多体验。 更多,2026-06-08 17:20:40
华为路由AX3 自动优选家用路由器双核wifi6+千兆端口3000M无线速率上网保护 学生家用高速路由信号强,华为,159.60,WiFi6,全千兆网口,3,快递真快，晚上买，第二天上午就到的 商家回复：尊敬的华为用户您好，您的肯定胜过万千华丽的辞藻！华为路由AX3 支持3000兆疾速网络和160MHz超大频宽，搭载独立信号放大器，覆盖无忧，还支持140+款智能手游加速，儿童上网关怀，可视化智能诊断等功能，更多惊喜功能，期待您多多体验。 更多,2026-06-08 17:20:40
华为路由AX3 自动优选家用路由器双核wifi6+千兆端口3000M无线速率上网保护 学生家用高速路由信号强,华为,159.60,WiFi6,全千兆网口,1,匿名买家 2026年4月13日已购：标准配置 / 【高性价比】AX3 白色 0 0 信号强，整体不错 商家回复：尊敬的华为用户您好，您的肯定胜过万千华丽的辞藻！华为路由AX3 支持3000兆疾速网络和160MHz超大频宽，搭载独立信号放大器，覆盖无忧，还支持140+款智能手游加速，儿童上网关怀，可视化智能诊断等功能，更多惊喜功能，期待您多多体验。 更多,2026-06-08 17:20:40
华为路由AX3 自动优选家用路由器双核wifi6+千兆端口3000M无线速率上网保护 学生家用高速路由信号强,华为,159.60,WiFi6,全千兆网口,1,爱**子 2026年4月3日已购：标准配置 / 【高性价比】AX3 白色 0 0 安装后网速确实很快，特别好用。 商家回复：尊敬的华为用户您好，您的肯定胜过万千华丽的辞藻！华为路由AX3，3000兆疾速网络和160MHz超大频宽，搭载独立信号放大器，覆盖无忧，还支持140+款智能手游加速，儿童上网关怀，可视化智能诊断等功能 ，期待为您带去更多惊喜。 更多,2026-06-08 17:20:40
华为路由AX3 自动优选家用路由器双核wifi6+千兆端口3000M无线速率上网保护 学生家用高速路由信号强,华为,159.60,WiFi6,全千兆网口,1,大**; 2026年5月14日已购：标准配置 / 【高性价比】AX3 白色 0 0 路由器网速很快 商家回复：尊敬的华为用户您好，您的肯定胜过万千华丽的辞藻！华为路由AX3 支持3000兆疾速网络和160MHz超大频宽，搭载独立信号放大器，覆盖无忧，还支持140+款智能手游加速，儿童上网关怀，可视化智能诊断等功能，更多惊喜功能，期待您多多体验。 更多,2026-06-08 17:20:40
华为路由AX3 自动优选家用路由器双核wifi6+千兆端口3000M无线速率上网保护 学生家用高速路由信号强,华为,159.60,WiFi6,全千兆网口,1,同事推荐的这款路由器，真心不错👍👍👍 连接速度快，覆盖区域广，整体评价非常好👍👍👍 商家回复：尊敬的华为用户您好，您的肯定胜过万千华丽的辞藻！华为路由AX3 支持3000兆疾速网络和160MHz超大频宽，搭载独立信号放大器，覆盖无忧，还支持140+款智能手游加速，儿童上网关怀，可视化智能诊断等功能，更多惊喜功能，期待您多多体验。 更多,2026-06-08 17:20:40
华为路由AX3 自动优选家用路由器双核wifi6+千兆端口3000M无线速率上网保护 学生家用高速路由信号强,华为,159.60,WiFi6,全千兆网口,1,同事推荐的这款路由器，真心不错👍👍👍 连接速度快，覆盖区域广，整体评价非常好👍👍👍,2026-06-08 17:20:40
华为路由AX3 自动优选家用路由器双核wifi6+千兆端口3000M无线速率上网保护 学生家用高速路由信号强,华为,159.60,WiFi6,全千兆网口,1,信赖华为品牌，技术产品很好，操作简单，网速上飞，爽！ 商家回复：尊敬的华为用户您好，您的赞许是对我们最大的认可！您选购的这款华为路由AX3具备华为Wi-Fi 6+智慧路由，3000兆疾速网络和160MHz超大频宽，搭载独立信号放大器，覆盖无忧，还支持140+款智能手游加速，儿童上网关怀，可视化智能诊断等功能，更多惊喜功能，期待您多多体验。 更多,2026-06-08 17:20:40
华为路由AX3 自动优选家用路由器双核wifi6+千兆端口3000M无线速率上网保护 学生家用高速路由信号强,华为,159.60,WiFi6,全千兆网口,1,信赖华为品牌，技术产品很好，操作简单，网速上飞，爽！,2026-06-08 17:20:40
华为路由AX3 自动优选家用路由器双核wifi6+千兆端口3000M无线速率上网保护 学生家用高速路由信号强,华为,159.60,WiFi6,全千兆网口,1,信号确实强，覆盖很好。现在家里每个角落都能联网了 商家回复：尊敬的华为用户您好，感谢您的认可和肯定，华为路由AX3拥有Wi-Fi 6+智慧路由，3000兆疾速网络和160MHz超大频宽，搭载独立信号放大器，覆盖无忧，还支持一碰连网、灵犀双 Wi-Fi、140+款智能手游加速，儿童上网关怀，可视化智能诊断等功能，期待您多多体验。 更多,2026-06-08 17:20:40
华为路由AX3 自动优选家用路由器双核wifi6+千兆端口3000M无线速率上网保护 学生家用高速路由信号强,华为,159.60,WiFi6,全千兆网口,1,信号确实强，覆盖很好。现在家里每个角落都能联网了,2026-06-08 17:20:40
华为路由AX3 自动优选家用路由器双核wifi6+千兆端口3000M无线速率上网保护 学生家用高速路由信号强,华为,159.60,WiFi6,全千兆网口,1,特别快速的解决的WiFi网络问题，电信宽带就是好 商家回复：尊敬的华为用户您好，您的肯定胜过万千华丽的辞藻！华为路由AX3，3000兆疾速网络和160MHz超大频宽，搭载独立信号放大器，覆盖无忧，还支持140+款智能手游加速，儿童上网关怀，可视化智能诊断等功能 ，期待为您带去更多惊喜。 更多,2026-06-08 17:20:40
华为路由AX3 自动优选家用路由器双核wifi6+千兆端口3000M无线速率上网保护 学生家用高速路由信号强,华为,159.60,WiFi6,全千兆网口,1,特别快速的解决的WiFi网络问题，电信宽带就是好,2026-06-08 17:20:40
华为路由AX3 自动优选家用路由器双核wifi6+千兆端口3000M无线速率上网保护 学生家用高速路由信号强,华为,159.60,WiFi6,全千兆网口,1,很好很强大，信号覆盖很广，流畅不卡顿，加上国补价格很合适 商家回复：尊敬的华为用户您好，您的赞许是对我们最大的认可！您选购的这款华为路由AX3具备华为Wi-Fi 6+智慧路由，3000兆疾速网络和160MHz超大频宽，搭载独立信号放大器，覆盖无忧，还支持140+款智能手游加速，儿童上网关怀，可视化智能诊断等功能，更多惊喜功能，期待您多多体验。 更多,2026-06-08 17:20:40
华为路由AX3 自动优选家用路由器双核wifi6+千兆端口3000M无线速率上网保护 学生家用高速路由信号强,华为,159.60,WiFi6,全千兆网口,1,很好很强大，信号覆盖很广，流畅不卡顿，加上国补价格很合适,2026-06-08 17:20:40
华为路由AX3 自动优选家用路由器双核wifi6+千兆端口3000M无线速率上网保护 学生家用高速路由信号强,华为,159.60,WiFi6,全千兆网口,1,信号强，整体不错 商家回复：尊敬的华为用户您好，您的肯定胜过万千华丽的辞藻！华为路由AX3 支持3000兆疾速网络和160MHz超大频宽，搭载独立信号放大器，覆盖无忧，还支持140+款智能手游加速，儿童上网关怀，可视化智能诊断等功能，更多惊喜功能，期待您多多体验。 更多,2026-06-08 17:20:40
华为路由AX3 自动优选家用路由器双核wifi6+千兆端口3000M无线速率上网保护 学生家用高速路由信号强,华为,159.60,WiFi6,全千兆网口,1,信号强，整体不错,2026-06-08 17:20:40
华为路由AX3 自动优选家用路由器双核wifi6+千兆端口3000M无线速率上网保护 学生家用高速路由信号强,华为,159.60,WiFi6,全千兆网口,1,很满意🈵的一次购物，信号📶强度看着不错， 商家回复：尊敬的华为用户您好，您的赞许是对我们最大的认可！华为路由AX3，华为Wi-Fi 6+智慧路由，3000兆疾速网络和160MHz超大频宽，搭载独立信号放大器，覆盖无忧，还支持140+款智能手游加速，儿童上网关怀，可视化智能诊断等功能。期待为您带去更多惊喜。 更多,2026-06-08 17:20:40
华为路由AX3 自动优选家用路由器双核wifi6+千兆端口3000M无线速率上网保护 学生家用高速路由信号强,华为,159.60,WiFi6,全千兆网口,1,很满意🈵的一次购物，信号📶强度看着不错，,2026-06-08 17:20:40
华为路由AX3 自动优选家用路由器双核wifi6+千兆端口3000M无线速率上网保护 学生家用高速路由信号强,华为,159.60,WiFi6,全千兆网口,1,安装后网速确实很快，特别好用。 商家回复：尊敬的华为用户您好，您的肯定胜过万千华丽的辞藻！华为路由AX3，3000兆疾速网络和160MHz超大频宽，搭载独立信号放大器，覆盖无忧，还支持140+款智能手游加速，儿童上网关怀，可视化智能诊断等功能 ，期待为您带去更多惊喜。 更多,2026-06-08 17:20:40
华为路由AX3 自动优选家用路由器双核wifi6+千兆端口3000M无线速率上网保护 学生家用高速路由信号强,华为,159.60,WiFi6,全千兆网口,1,安装后网速确实很快，特别好用。,2026-06-08 17:20:40
华为路由AX3 自动优选家用路由器双核wifi6+千兆端口3000M无线速率上网保护 学生家用高速路由信号强,华为,159.60,WiFi6,全千兆网口,1,路由器网速很快 商家回复：尊敬的华为用户您好，您的肯定胜过万千华丽的辞藻！华为路由AX3 支持3000兆疾速网络和160MHz超大频宽，搭载独立信号放大器，覆盖无忧，还支持140+款智能手游加速，儿童上网关怀，可视化智能诊断等功能，更多惊喜功能，期待您多多体验。 更多,2026-06-08 17:20:40
华为路由AX3 自动优选家用路由器双核wifi6+千兆端口3000M无线速率上网保护 学生家用高速路由信号强,华为,159.60,WiFi6,全千兆网口,1,安装确实方便，省心省力。华为真的太帅了点赞 商家回复：尊敬的华为用户您好，您的肯定胜过万千华丽的辞藻！华为路由AX3 支持3000兆疾速网络和160MHz超大频宽，搭载独立信号放大器，覆盖无忧，还支持140+款智能手游加速，儿童上网关怀，可视化智能诊断等功能，更多惊喜功能，期待您多多体验。 更多,2026-06-08 17:20:40
华为路由AX3 自动优选家用路由器双核wifi6+千兆端口3000M无线速率上网保护 学生家用高速路由信号强,华为,159.60,WiFi6,全千兆网口,1,安装确实方便，省心省力。华为真的太帅了点赞,2026-06-08 17:20:40
华为路由AX3 自动优选家用路由器双核wifi6+千兆端口3000M无线速率上网保护 学生家用高速路由信号强,华为,159.60,WiFi6,全千兆网口,1,收到即用，穿透力强，值得拥有，价格小高。 商家回复：尊敬的华为用户您好，感谢您的认可和肯定，华为路由AX3拥有Wi-Fi 6+智慧路由，3000兆疾速网络和160MHz超大频宽，搭载独立信号放大器，覆盖无忧，还支持一碰连网、灵犀双 Wi-Fi、140+款智能手游加速，儿童上网关怀，可视化智能诊断等功能，期待您多多体验。 更多,2026-06-08 17:20:40
华为路由AX3 自动优选家用路由器双核wifi6+千兆端口3000M无线速率上网保护 学生家用高速路由信号强,华为,159.60,WiFi6,全千兆网口,1,信号强，安装方便不止购买一次了 商家回复：尊敬的华为用户您好，您的赞许是对我们最大的认可！您选购的这款华为路由AX3具备华为Wi-Fi 6+智慧路由，3000兆疾速网络和160MHz超大频宽，搭载独立信号放大器，覆盖无忧，还支持140+款智能手游加速，儿童上网关怀，可视化智能诊断等功能，更多惊喜功能，期待您多多体验。 更多,2026-06-08 17:20:40
华为路由AX3 自动优选家用路由器双核wifi6+千兆端口3000M无线速率上网保护 学生家用高速路由信号强,华为,159.60,WiFi6,全千兆网口,1,信号强，安装方便不止购买一次了,2026-06-08 17:20:40
华为路由AX3 自动优选家用路由器双核wifi6+千兆端口3000M无线速率上网保护 学生家用高速路由信号强,华为,159.60,WiFi6,全千兆网口,1,挺好的，操作简单方便快捷！ 商家回复：尊敬的华为用户您好，感谢您的认可和肯定，华为路由AX3拥有Wi-Fi 6+智慧路由，3000兆疾速网络和160MHz超大频宽，搭载独立信号放大器，覆盖无忧，还支持一碰连网、灵犀双 Wi-Fi、140+款智能手游加速，儿童上网关怀，可视化智能诊断等功能，期待您多多体验。 更多,2026-06-08 17:20:40
华为路由AX3 自动优选家用路由器双核wifi6+千兆端口3000M无线速率上网保护 学生家用高速路由信号强,华为,159.60,WiFi6,全千兆网口,1,东西收到了，已经安装，信号不错，非常满意的一次购物 商家回复：尊敬的华为用户您好，感谢您的认可和肯定，华为路由AX3拥有Wi-Fi 6+智慧路由，3000兆疾速网络和160MHz超大频宽，搭载独立信号放大器，覆盖无忧，还支持一碰连网、灵犀双 Wi-Fi、140+款智能手游加速，儿童上网关怀，可视化智能诊断等功能，期待您多多体验。 更多,2026-06-08 17:20:40
华为路由AX3 自动优选家用路由器双核wifi6+千兆端口3000M无线速率上网保护 学生家用高速路由信号强,华为,159.60,WiFi6,全千兆网口,1,东西收到了，已经安装，信号不错，非常满意的一次购物,2026-06-08 17:20:40
华为路由AX3 自动优选家用路由器双核wifi6+千兆端口3000M无线速率上网保护 学生家用高速路由信号强,华为,159.60,WiFi6,全千兆网口,1,信号强，第二次购买，网速飞快 商家回复：尊敬的华为用户您好，感谢您的认可和肯定，华为路由AX3拥有Wi-Fi 6+智慧路由，3000兆疾速网络和160MHz超大频宽，搭载独立信号放大器，覆盖无忧，还支持一碰连网、灵犀双 Wi-Fi、140+款智能手游加速，儿童上网关怀，可视化智能诊断等功能，期待您多多体验。 更多,2026-06-08 17:20:40
华为路由AX3 自动优选家用路由器双核wifi6+千兆端口3000M无线速率上网保护 学生家用高速路由信号强,华为,159.60,WiFi6,全千兆网口,1,信号强，第二次购买，网速飞快,2026-06-08 17:20:40
华为路由AX3 自动优选家用路由器双核wifi6+千兆端口3000M无线速率上网保护 学生家用高速路由信号强,华为,159.60,WiFi6,全千兆网口,1,等安装后的效果吧 商家回复：尊敬的华为用户您好，您的赞许是对我们最大的认可！您选购的这款华为路由AX3具备华为Wi-Fi 6+智慧路由，3000兆疾速网络和160MHz超大频宽，搭载独立信号放大器，覆盖无忧，还支持140+款智能手游加速，儿童上网关怀，可视化智能诊断等功能，更多惊喜功能，期待您多多体验。 更多,2026-06-08 17:20:40
华为路由AX3 自动优选家用路由器双核wifi6+千兆端口3000M无线速率上网保护 学生家用高速路由信号强,华为,159.60,WiFi6,全千兆网口,1,等安装后的效果吧,2026-06-08 17:20:40
华为路由AX3 自动优选家用路由器双核wifi6+千兆端口3000M无线速率上网保护 学生家用高速路由信号强,华为,159.60,WiFi6,全千兆网口,1,用起来很方便，好用！ 商家回复：尊敬的华为用户您好，感谢您的认可和肯定，华为路由AX3拥有Wi-Fi 6+智慧路由，3000兆疾速网络和160MHz超大频宽，搭载独立信号放大器，覆盖无忧，还支持一碰连网、灵犀双 Wi-Fi、140+款智能手游加速，儿童上网关怀，可视化智能诊断等功能，期待您多多体验。 更多,2026-06-08 17:20:40
华为路由AX3 自动优选家用路由器双核wifi6+千兆端口3000M无线速率上网保护 学生家用高速路由信号强,华为,159.60,WiFi6,全千兆网口,1,用起来很方便，好用！,2026-06-08 17:20:40
华为路由AX3 自动优选家用路由器双核wifi6+千兆端口3000M无线速率上网保护 学生家用高速路由信号强,华为,159.60,WiFi6,全千兆网口,1,质量很好，做工精细，非常好用，网速快. 商家回复：尊敬的华为用户您好，您的赞许是对我们最大的认可！您选购的这款华为路由AX3具备华为Wi-Fi 6+智慧路由，3000兆疾速网络和160MHz超大频宽，搭载独立信号放大器，覆盖无忧，还支持140+款智能手游加速，儿童上网关怀，可视化智能诊断等功能，更多惊喜功能，期待您多多体验。 更多,2026-06-08 17:20:40
华为路由AX3 自动优选家用路由器双核wifi6+千兆端口3000M无线速率上网保护 学生家用高速路由信号强,华为,159.60,WiFi6,全千兆网口,1,质量很好，做工精细，非常好用，网速快.,2026-06-08 17:20:40
华为路由AX3 自动优选家用路由器双核wifi6+千兆端口3000M无线速率上网保护 学生家用高速路由信号强,华为,159.60,WiFi6,全千兆网口,1,t**m 2026年4月5日已购：标准配置 / 【高性价比】AX3 白色 0 0 挺好的 信号确实强，覆盖很好。 商家回复：尊敬的华为用户您好，您的肯定胜过万千华丽的辞藻！华为路由AX3，3000兆疾速网络和160MHz超大频宽，搭载独立信号放大器，覆盖无忧，还支持140+款智能手游加速，儿童上网关怀，可视化智能诊断等功能 ，期待为您带去更多惊喜。 更多,2026-06-08 17:20:40
华为路由AX3 自动优选家用路由器双核wifi6+千兆端口3000M无线速率上网保护 学生家用高速路由信号强,华为,159.60,WiFi6,全千兆网口,1,匿名买家 2026年4月26日已购：标准配置 / 【高性价比】AX3 白色 0 0 发货超快，赞👍 商家回复：尊敬的华为用户您好，您的肯定胜过万千华丽的辞藻！华为路由AX3 支持3000兆疾速网络和160MHz超大频宽，搭载独立信号放大器，覆盖无忧，还支持140+款智能手游加速，儿童上网关怀，可视化智能诊断等功能，更多惊喜功能，期待您多多体验。 更多,2026-06-08 17:20:40
华为路由AX3 自动优选家用路由器双核wifi6+千兆端口3000M无线速率上网保护 学生家用高速路由信号强,华为,159.60,WiFi6,全千兆网口,1,铭**7 2026年4月2日已购：标准配置 / 【高性价比】AX3 白色 0 0 质量很好，信号强度大。 商家回复：尊敬的华为用户您好，您的肯定胜过万千华丽的辞藻！华为路由AX3 支持3000兆疾速网络和160MHz超大频宽，搭载独立信号放大器，覆盖无忧，还支持140+款智能手游加速，儿童上网关怀，可视化智能诊断等功能，更多惊喜功能，期待您多多体验。 更多,2026-06-08 17:20:40
华为路由AX3 自动优选家用路由器双核wifi6+千兆端口3000M无线速率上网保护 学生家用高速路由信号强,华为,159.60,WiFi6,全千兆网口,1,匿名买家 2026年4月20日已购：标准配置 / 【高性价比】AX3 白色 0 0 操作简单，容易上手 商家回复：尊敬的华为用户您好，您的肯定胜过万千华丽的辞藻！华为路由AX3，3000兆疾速网络和160MHz超大频宽，搭载独立信号放大器，覆盖无忧，还支持140+款智能手游加速，儿童上网关怀，可视化智能诊断等功能 ，期待为您带去更多惊喜。 更多,2026-06-08 17:20:40
华为路由AX3 自动优选家用路由器双核wifi6+千兆端口3000M无线速率上网保护 学生家用高速路由信号强,华为,159.60,WiFi6,全千兆网口,1,操作简单粗暴，信号稳如老狗，非常喜欢，好好好好好好好 商家回复：尊敬的华为用户您好，您的肯定胜过万千华丽的辞藻！华为路由AX3 支持3000兆疾速网络和160MHz超大频宽，搭载独立信号放大器，覆盖无忧，还支持140+款智能手游加速，儿童上网关怀，可视化智能诊断等功能，更多惊喜功能，期待您多多体验。 更多,2026-06-08 17:20:40
华为路由AX3 自动优选家用路由器双核wifi6+千兆端口3000M无线速率上网保护 学生家用高速路由信号强,华为,159.60,WiFi6,全千兆网口,1,操作简单粗暴，信号稳如老狗，非常喜欢，好好好好好好好,2026-06-08 17:20:40
华为路由AX3 自动优选家用路由器双核wifi6+千兆端口3000M无线速率上网保护 学生家用高速路由信号强,华为,159.60,WiFi6,全千兆网口,1,确实挺划算的，价格实惠，网速也快了些 商家回复：尊敬的华为用户您好，感谢您的认可和肯定，华为路由AX3拥有Wi-Fi 6+智慧路由，3000兆疾速网络和160MHz超大频宽，搭载独立信号放大器，覆盖无忧，还支持一碰连网、灵犀双 Wi-Fi、140+款智能手游加速，儿童上网关怀，可视化智能诊断等功能，期待您多多体验。 更多,2026-06-08 17:20:40
华为路由AX3 自动优选家用路由器双核wifi6+千兆端口3000M无线速率上网保护 学生家用高速路由信号强,华为,159.60,WiFi6,全千兆网口,1,确实挺划算的，价格实惠，网速也快了些,2026-06-08 17:20:40
华为路由AX3 自动优选家用路由器双核wifi6+千兆端口3000M无线速率上网保护 学生家用高速路由信号强,华为,159.60,WiFi6,全千兆网口,1,太简单操作了。昨晚下单，今天上午就送到家，太快了，太方便了 商家回复：尊敬的华为用户您好，您的肯定胜过万千华丽的辞藻！华为路由AX3，3000兆疾速网络和160MHz超大频宽，搭载独立信号放大器，覆盖无忧，还支持140+款智能手游加速，儿童上网关怀，可视化智能诊断等功能 ，期待为您带去更多惊喜。 更多,2026-06-08 17:20:40
华为路由AX3 自动优选家用路由器双核wifi6+千兆端口3000M无线速率上网保护 学生家用高速路由信号强,华为,159.60,WiFi6,全千兆网口,1,价廉物美，电信工程师上门推荐的，性价比超高。 商家回复：尊敬的华为用户您好，感谢您的认可和肯定，华为路由AX3拥有Wi-Fi 6+智慧路由，3000兆疾速网络和160MHz超大频宽，搭载独立信号放大器，覆盖无忧，还支持一碰连网、灵犀双 Wi-Fi、140+款智能手游加速，儿童上网关怀，可视化智能诊断等功能，期待您多多体验。 更多,2026-06-08 17:20:40
华为路由AX3 自动优选家用路由器双核wifi6+千兆端口3000M无线速率上网保护 学生家用高速路由信号强,华为,159.60,WiFi6,全千兆网口,1,价廉物美，电信工程师上门推荐的，性价比超高。,2026-06-08 17:20:40
华为路由AX3 自动优选家用路由器双核wifi6+千兆端口3000M无线速率上网保护 学生家用高速路由信号强,华为,159.60,WiFi6,全千兆网口,1,挺好的 信号确实强，覆盖很好。 商家回复：尊敬的华为用户您好，您的肯定胜过万千华丽的辞藻！华为路由AX3，3000兆疾速网络和160MHz超大频宽，搭载独立信号放大器，覆盖无忧，还支持140+款智能手游加速，儿童上网关怀，可视化智能诊断等功能 ，期待为您带去更多惊喜。 更多,2026-06-08 17:20:40
华为路由AX3 自动优选家用路由器双核wifi6+千兆端口3000M无线速率上网保护 学生家用高速路由信号强,华为,159.60,WiFi6,全千兆网口,1,挺好的 信号确实强，覆盖很好。,2026-06-08 17:20:40
无线猫灵5G随身wifi6无线千兆双频路由器2026新款多网通全国通用高速流量网卡电脑宽带户外直播热点房车网络,null,225.85,WiFi6,全千兆网口,5,x西西 2026-05-27已购：5G千兆无线路由器 展锐芯片【办公/商业高配版】多网通 / 100G/月*1个月 周末喜欢自驾出游、户外团建，特意备了这款无线猫灵！便携款式随身带很方便，不用缴纳月租，想用就充，灵活度拉满。600M 千兆网速反应飞快，就算在郊外信号也很稳定，有线无线都能用，团队一起办公、娱乐，网络体验远超随身 WiFi。,2026-06-08 17:21:27
无线猫灵5G随身wifi6无线千兆双频路由器2026新款多网通全国通用高速流量网卡电脑宽带户外直播热点房车网络,null,225.85,WiFi6,全千兆网口,4,t**m 2026-05-27已购：5G千兆无线路由器 展锐芯片【办公/商业高配版】多网通 / 500G/月*1个月 租房短期居住的朋友别再办宽带了！合约到期退费麻烦，还有高额月租，无线猫灵完美避开这些问题。随用随充即用即走，600M 高速网络满足日常所有上网需求，四个千兆网口连接电脑、电视，紫光展锐芯片品质靠谱，短期使用性价比无人能及。,2026-06-08 17:21:27
无线猫灵5G随身wifi6无线千兆双频路由器2026新款多网通全国通用高速流量网卡电脑宽带户外直播热点房车网络,null,225.85,WiFi6,全千兆网口,5,侧**棉 2026年5月27日已购：5G千兆无线路由器【租房个人用网版】双网通 / 100G/月*1个月 0 0 还不错，用起来网速很快，刷直播很丝滑，拿来打游戏网速也很快，外观颜值也高，好用好评，推荐 商家回复：如果一滴水代表一个祝福，我送你一个东海；如果一颗星代表一份幸福，我送你一条银河；如果一棵树代表一份思念，我送你一片森林。愿你幸福快乐每一天 更多,2026-06-08 17:21:27
无线猫灵5G随身wifi6无线千兆双频路由器2026新款多网通全国通用高速流量网卡电脑宽带户外直播热点房车网络,null,225.85,WiFi6,全千兆网口,4,t**3 2026年4月29日已购：5G千兆无线路由器 展锐芯片【办公/商业高配版】多网通 / 100G/月*1个月 2 0 机器个人使用还可以 要求没那么高 电脑玩正常网速吧 当天追评：还可以 目前没发现什么不合适 再用用看,2026-06-08 17:21:27
无线猫灵5G随身wifi6无线千兆双频路由器2026新款多网通全国通用高速流量网卡电脑宽带户外直播热点房车网络,null,225.85,WiFi6,全千兆网口,5,匿名买家 2026年5月4日已购：5G千兆无线路由器 展锐芯片【游戏/直播影视版】多网通 / 100G/月*1个月 0 0 实物很可爱喔，已经试用了一个星期，很不错，推荐 商家回复：人生的旅途上，引起记忆的东西很多，但值得记忆的东西很少，只有那些真切无瑕、不染纤尘；希望与您有一次的愉快的交易。可以给亲爱的带来一丝丝的满意和甜蜜！ 更多,2026-06-08 17:21:27
无线猫灵5G随身wifi6无线千兆双频路由器2026新款多网通全国通用高速流量网卡电脑宽带户外直播热点房车网络,null,225.85,WiFi6,全千兆网口,5,周末喜欢自驾出游、户外团建，特意备了这款无线猫灵！便携款式随身带很方便，不用缴纳月租，想用就充，灵活度拉满。600M 千兆网速反应飞快，就算在郊外信号也很稳定，有线无线都能用，团队一起办公、娱乐，网络体验远超随身 WiFi。,2026-06-08 17:21:27
无线猫灵5G随身wifi6无线千兆双频路由器2026新款多网通全国通用高速流量网卡电脑宽带户外直播热点房车网络,null,225.85,WiFi6,全千兆网口,4,租房短期居住的朋友别再办宽带了！合约到期退费麻烦，还有高额月租，无线猫灵完美避开这些问题。随用随充即用即走，600M 高速网络满足日常所有上网需求，四个千兆网口连接电脑、电视，紫光展锐芯片品质靠谱，短期使用性价比无人能及。,2026-06-08 17:21:27
无线猫灵5G随身wifi6无线千兆双频路由器2026新款多网通全国通用高速流量网卡电脑宽带户外直播热点房车网络,null,225.85,WiFi6,全千兆网口,4,5G千兆无线路由器【租房个人用网版】双网通 5G千兆无线路由器【家庭多人用网版】双网通 5G千兆无线路由器 展锐芯片【游戏/直播影视版】多网通 千人加购 5G千兆无线路由器 展锐芯片【办公/商业高配版】多网通,2026-06-08 17:21:27
无线猫灵5G随身wifi6无线千兆双频路由器2026新款多网通全国通用高速流量网卡电脑宽带户外直播热点房车网络,null,225.85,WiFi6,全千兆网口,4,宿舍党狂喜！无线猫灵 5G 路由器，无月租随充随用，不用抢校园网，网速 600M 超快，一个千兆网口，舍友一起连打游戏不卡顿！ 商家回复：很高兴宝贝能让您喜欢，好心情是跳动的音符，让你如沐春风。好心情是明媚的阳光，让你活力四射。好心情是起舞的蝴蝶，让你悠然自得。好心情是清香的绿茶，让你心旷神怡。愿无线猫灵的宝贝与您共度开心每一天！ 更多,2026-06-08 17:21:27
无线猫灵5G随身wifi6无线千兆双频路由器2026新款多网通全国通用高速流量网卡电脑宽带户外直播热点房车网络,null,225.85,WiFi6,全千兆网口,4,宿舍党狂喜！无线猫灵 5G 路由器，无月租随充随用，不用抢校园网，网速 600M 超快，一个千兆网口，舍友一起连打游戏不卡顿！,2026-06-08 17:21:27
无线猫灵5G随身wifi6无线千兆双频路由器2026新款多网通全国通用高速流量网卡电脑宽带户外直播热点房车网络,null,225.85,WiFi6,全千兆网口,4,租房上网选对了！无线猫灵 5G 千兆路由器，2026 新款黑科技，600M 高速网速，支持多设备连接，不用宽带不用合约，省钱又方便！,2026-06-08 17:21:27
无线猫灵5G随身wifi6无线千兆双频路由器2026新款多网通全国通用高速流量网卡电脑宽带户外直播热点房车网络,null,225.85,WiFi6,全千兆网口,4,商铺告别宽带合约！无线猫灵 5G 千兆路由器，2026 新款，600M 高速不卡顿，四个千兆网口接监控收银，WiFi 覆盖广，商铺经营更省心！ 商家回复：遇到梦中人之前，上天也许会安排我们先遇到别的人；在我们终于遇见心仪的人时，便应当心存感激。在这样适合的缘分里，刚巧我们就这样遇见了。记得常回来看看哈！ 更多,2026-06-08 17:21:27
无线猫灵5G随身wifi6无线千兆双频路由器2026新款多网通全国通用高速流量网卡电脑宽带户外直播热点房车网络,null,225.85,WiFi6,全千兆网口,4,商铺告别宽带合约！无线猫灵 5G 千兆路由器，2026 新款，600M 高速不卡顿，四个千兆网口接监控收银，WiFi 覆盖广，商铺经营更省心！,2026-06-08 17:21:27
无线猫灵5G随身wifi6无线千兆双频路由器2026新款多网通全国通用高速流量网卡电脑宽带户外直播热点房车网络,null,225.85,WiFi6,全千兆网口,5,多设备家庭首选这款路由器，再也不用担心网络不够用！告别按月缴费的宽带，无线猫灵零月租更划算，随用随充灵活安排使用时间。600M 千兆大带宽承载手机、平板、智能家居同时在线，千兆网口做有线连接，紫光展锐芯片保驾护航，网络流畅又稳定。,2026-06-08 17:21:27
无线猫灵5G随身wifi6无线千兆双频路由器2026新款多网通全国通用高速流量网卡电脑宽带户外直播热点房车网络,null,225.85,WiFi6,全千兆网口,5,1天后追评：很好用,2026-06-08 17:21:27
无线猫灵5G随身wifi6无线千兆双频路由器2026新款多网通全国通用高速流量网卡电脑宽带户外直播热点房车网络,null,225.85,WiFi6,全千兆网口,3,信号还可以，租房子比较方便。目前3个人用，4个手机，2台电脑。没打游戏，速度还行。上传这张照片0.5秒。信号稳定的问题因为刚拿到手还不知道，以后再来补评价。 整体评价：总体来说还可以，希望以后没有网费能便宜点，毕竟移动和联通有线都是免费的。,2026-06-08 17:21:27
无线猫灵5G随身wifi6无线千兆双频路由器2026新款多网通全国通用高速流量网卡电脑宽带户外直播热点房车网络,null,225.85,WiFi6,全千兆网口,5,还不错，用起来网速很快，刷直播很丝滑，拿来打游戏网速也很快，外观颜值也高，好用好评，推荐 商家回复：如果一滴水代表一个祝福，我送你一个东海；如果一颗星代表一份幸福，我送你一条银河；如果一棵树代表一份思念，我送你一片森林。愿你幸福快乐每一天 更多,2026-06-08 17:21:27
无线猫灵5G随身wifi6无线千兆双频路由器2026新款多网通全国通用高速流量网卡电脑宽带户外直播热点房车网络,null,225.85,WiFi6,全千兆网口,5,还不错，用起来网速很快，刷直播很丝滑，拿来打游戏网速也很快，外观颜值也高，好用好评，推荐,2026-06-08 17:21:27
无线猫灵5G随身wifi6无线千兆双频路由器2026新款多网通全国通用高速流量网卡电脑宽带户外直播热点房车网络,null,225.85,WiFi6,全千兆网口,5,这款无线猫灵跟无线网没有区别，可以在每个屋连到信号。之前怀着买来试试的心态，现在入手还挺香的。一些随身的需要一直拿着，虽然机器偏贵但值得。 5天后追评：使用过一段时间下来，挺不错的。网流畅 商家回复：遇到梦中人之前，上天也许会安排我们先遇到别的人；在我们终于遇见心仪的人时，便应当心存感激。在这样适合的缘分里，刚巧我们就这样遇见了。记得常回来看看哈！ 更多,2026-06-08 17:21:27
无线猫灵5G随身wifi6无线千兆双频路由器2026新款多网通全国通用高速流量网卡电脑宽带户外直播热点房车网络,null,225.85,WiFi6,全千兆网口,4,这款无线猫灵跟无线网没有区别，可以在每个屋连到信号。之前怀着买来试试的心态，现在入手还挺香的。一些随身的需要一直拿着，虽然机器偏贵但值得。,2026-06-08 17:21:27
无线猫灵5G随身wifi6无线千兆双频路由器2026新款多网通全国通用高速流量网卡电脑宽带户外直播热点房车网络,null,225.85,WiFi6,全千兆网口,5,5天后追评：使用过一段时间下来，挺不错的。网流畅,2026-06-08 17:21:27
无线猫灵5G随身wifi6无线千兆双频路由器2026新款多网通全国通用高速流量网卡电脑宽带户外直播热点房车网络,null,225.85,WiFi6,全千兆网口,5,这个Wi-Fi网速真的特别快，十几个人同时用速度都很快，值得推荐， 外观材质：漂亮 覆盖区域：广 传输效果：快 3天后追评：已经定了全年流量，真的特别好用，值得推荐 商家回复：金杯银杯，不如老百姓的口碑，千言万语也抵不过您在百忙中的一句好评，看到了您对我们的肯定和支持，万分感谢，衷心地期待能为更多的您带来更多的健康和快乐呢，亲，要记着时常来看看咱们喔！ 更多,2026-06-08 17:21:27
无线猫灵5G随身wifi6无线千兆双频路由器2026新款多网通全国通用高速流量网卡电脑宽带户外直播热点房车网络,null,225.85,WiFi6,全千兆网口,5,这个Wi-Fi网速真的特别快，十几个人同时用速度都很快，值得推荐， 外观材质：漂亮 覆盖区域：广 传输效果：快,2026-06-08 17:21:27
无线猫灵5G随身wifi6无线千兆双频路由器2026新款多网通全国通用高速流量网卡电脑宽带户外直播热点房车网络,null,225.85,WiFi6,全千兆网口,5,3天后追评：已经定了全年流量，真的特别好用，值得推荐,2026-06-08 17:21:27
无线猫灵5G随身wifi6无线千兆双频路由器2026新款多网通全国通用高速流量网卡电脑宽带户外直播热点房车网络,null,225.85,WiFi6,全千兆网口,4,刚到，正准备试用，目前看外观还挺漂亮，覆盖区域有待试用，如果测试好的话，我会追平,2026-06-08 17:21:27
无线猫灵5G随身wifi6无线千兆双频路由器2026新款多网通全国通用高速流量网卡电脑宽带户外直播热点房车网络,null,225.85,WiFi6,全千兆网口,4,外观材质：白色方方的和一个大水杯一样大，质感好,2026-06-08 17:21:27
无线猫灵5G随身wifi6无线千兆双频路由器2026新款多网通全国通用高速流量网卡电脑宽带户外直播热点房车网络,null,225.85,WiFi6,全千兆网口,1,当天追评：每个月一买流量不担心网不好用,2026-06-08 17:21:27
无线猫灵5G随身wifi6无线千兆双频路由器2026新款多网通全国通用高速流量网卡电脑宽带户外直播热点房车网络,null,225.85,WiFi6,全千兆网口,4,用了几天，信号一直很稳，办公室里面的，比弄网线要划算,2026-06-08 17:21:27
无线猫灵5G随身wifi6无线千兆双频路由器2026新款多网通全国通用高速流量网卡电脑宽带户外直播热点房车网络,null,225.85,WiFi6,全千兆网口,5,确实很快，下载很流畅。 覆盖区域：挺广的 传输效果：很快 连接速度：挺快的 整体评价：非常不错的一次购物,2026-06-08 17:21:27
无线猫灵5G随身wifi6无线千兆双频路由器2026新款多网通全国通用高速流量网卡电脑宽带户外直播热点房车网络,null,225.85,WiFi6,全千兆网口,5,插上电就有网了，信号挺好，网速也快，试几天再说。每个房间都有。 用几天再看，信号一直很稳。 当天追评：用了几天，真不错，网速特别好。值得购买 商家回复：确认过眼神，遇上对的人。每天最开心的事莫过于看到亲使用满意，亲的满意就像是清泉一样滋润我们的心田，我们会更加的珍惜，不断的改进与完善，力求服务做得更好 更多,2026-06-08 17:21:27
无线猫灵5G随身wifi6无线千兆双频路由器2026新款多网通全国通用高速流量网卡电脑宽带户外直播热点房车网络,null,225.85,WiFi6,全千兆网口,4,插上电就有网了，信号挺好，网速也快，试几天再说。每个房间都有。 用几天再看，信号一直很稳。,2026-06-08 17:21:27
无线猫灵5G随身wifi6无线千兆双频路由器2026新款多网通全国通用高速流量网卡电脑宽带户外直播热点房车网络,null,225.85,WiFi6,全千兆网口,5,当天追评：用了几天，真不错，网速特别好。值得购买,2026-06-08 17:21:27
无线猫灵5G随身wifi6无线千兆双频路由器2026新款多网通全国通用高速流量网卡电脑宽带户外直播热点房车网络,null,225.85,WiFi6,全千兆网口,5,该用户未填写评价内容 17天后追评：信号不错，大小适中，130平使用无压力，感觉比同价位的Wi-Fi方便很多，不用从屋外拉网线，使用起来也很方便。 商家回复：人生的旅途上，引起记忆的东西很多，但值得记忆的东西很少，只有那些真切无瑕、不染纤尘；希望与您有一次的愉快的交易。可以给亲爱的带来一丝丝的满意和甜蜜！ 更多,2026-06-08 17:21:27
无线猫灵5G随身wifi6无线千兆双频路由器2026新款多网通全国通用高速流量网卡电脑宽带户外直播热点房车网络,null,225.85,WiFi6,全千兆网口,5,17天后追评：信号不错，大小适中，130平使用无压力，感觉比同价位的Wi-Fi方便很多，不用从屋外拉网线，使用起来也很方便。,2026-06-08 17:21:27
无线猫灵5G随身wifi6无线千兆双频路由器2026新款多网通全国通用高速流量网卡电脑宽带户外直播热点房车网络,null,225.85,WiFi6,全千兆网口,4,机器个人使用还可以 要求没那么高 电脑玩正常网速吧 当天追评：还可以 目前没发现什么不合适 再用用看,2026-06-08 17:21:27
无线猫灵5G随身wifi6无线千兆双频路由器2026新款多网通全国通用高速流量网卡电脑宽带户外直播热点房车网络,null,225.85,WiFi6,全千兆网口,4,机器个人使用还可以 要求没那么高 电脑玩正常网速吧,2026-06-08 17:21:27
无线猫灵5G随身wifi6无线千兆双频路由器2026新款多网通全国通用高速流量网卡电脑宽带户外直播热点房车网络,null,225.85,WiFi6,全千兆网口,4,刚收到货，外观时尚，可以连接网线，支持双网。,2026-06-08 17:21:27
无线猫灵5G随身wifi6无线千兆双频路由器2026新款多网通全国通用高速流量网卡电脑宽带户外直播热点房车网络,null,225.85,WiFi6,全千兆网口,5,实物很可爱喔，已经试用了一个星期，很不错，推荐 商家回复：人生的旅途上，引起记忆的东西很多，但值得记忆的东西很少，只有那些真切无瑕、不染纤尘；希望与您有一次的愉快的交易。可以给亲爱的带来一丝丝的满意和甜蜜！ 更多,2026-06-08 17:21:27
无线猫灵5G随身wifi6无线千兆双频路由器2026新款多网通全国通用高速流量网卡电脑宽带户外直播热点房车网络,null,225.85,WiFi6,全千兆网口,5,实物很可爱喔，已经试用了一个星期，很不错，推荐,2026-06-08 17:21:27
无线猫灵5G随身wifi6无线千兆双频路由器2026新款多网通全国通用高速流量网卡电脑宽带户外直播热点房车网络,null,225.85,WiFi6,全千兆网口,4,"整体评价：外观很好看 连接速度：挺快的 覆盖区域：我们自己家用，五六个设备挺够用的 商家回复：谢谢亲的信任和赞美!于【无线猫灵】而言，每一份信任的背后都是一个个承诺的兑现,每一个真诚的对待都是源自于内心渴望真诚。坦诚相待是【无线猫灵】一直以来秉持的服务宗旨,心有猛虎细嗅蔷薇 更多",2026-06-08 17:21:27
无线猫灵5G随身wifi6无线千兆双频路由器2026新款多网通全国通用高速流量网卡电脑宽带户外直播热点房车网络,null,225.85,WiFi6,全千兆网口,4,整体评价：外观很好看 连接速度：挺快的 覆盖区域：我们自己家用，五六个设备挺够用的,2026-06-08 17:21:27
无线猫灵5G随身wifi6无线千兆双频路由器2026新款多网通全国通用高速流量网卡电脑宽带户外直播热点房车网络,null,225.85,WiFi6,全千兆网口,5,z**b 2026年5月16日已购：5G千兆无线路由器【租房个人用网版】双网通 / 100G/月*1个月 0 0 挺好用的，收到就赶紧用上啦，运输过程也很 商家回复：如果一滴水代表一个祝福，我送你一个东海；如果一颗星代表一份幸福，我送你一条银河；如果一棵树代表一份思念，我送你一片森林。愿你幸福快乐每一天~ 更多,2026-06-08 17:21:27
无线猫灵5G随身wifi6无线千兆双频路由器2026新款多网通全国通用高速流量网卡电脑宽带户外直播热点房车网络,null,225.85,WiFi6,全千兆网口,5,w**8 2026年6月2日已购：5G千兆无线路由器 展锐芯片【游戏/直播影视版】多网通 / 100G/月*1个月 0 0 该用户未填写评价内容 16天后追评：很方便很好用，再也不用忍受公司的垃圾网速了，超级快，好东西就是不一样,2026-06-08 17:21:27
无线猫灵5G随身wifi6无线千兆双频路由器2026新款多网通全国通用高速流量网卡电脑宽带户外直播热点房车网络,null,225.85,WiFi6,全千兆网口,5,无**月 2026年5月8日已购：5G千兆无线路由器 展锐芯片【游戏/直播影视版】多网通 / 100G/月*1个月 0 0 该用户未填写评价内容 32天后追评：用了一个月，放在办公室，网速没问题，比拉宽带划算,2026-06-08 17:21:27
无线猫灵5G随身wifi6无线千兆双频路由器2026新款多网通全国通用高速流量网卡电脑宽带户外直播热点房车网络,null,225.85,WiFi6,全千兆网口,3,T**6 2026年3月20日已购：5G千兆无线路由器【租房个人用网版】双网通 / 100G/月*1个月 0 0 该用户未填写评价内容 18天后追评：用着还行 发货速度很快 包装很好 就是有时候有点不稳定 总体还行 先用着看吧,2026-06-08 17:21:27
无线猫灵5G随身wifi6无线千兆双频路由器2026新款多网通全国通用高速流量网卡电脑宽带户外直播热点房车网络,null,225.85,WiFi6,全千兆网口,5,匿名买家 2026年4月8日已购：5G千兆无线路由器 展锐芯片【游戏/直播影视版】多网通 / 100G/月*1个月 0 0 货收到，拆开包装，看到宝贝挺时尚、大气，值得拥有！,2026-06-08 17:21:27
无线猫灵5G随身wifi6无线千兆双频路由器2026新款多网通全国通用高速流量网卡电脑宽带户外直播热点房车网络,null,225.85,WiFi6,全千兆网口,5,平**t 2026年3月30日已购：5G千兆无线路由器 展锐芯片【游戏/直播影视版】多网通 / 100G/月*1个月 0 0 这个可以，信号满格稳定，值得入手，网速够快,2026-06-08 17:21:27
无线猫灵5G随身wifi6无线千兆双频路由器2026新款多网通全国通用高速流量网卡电脑宽带户外直播热点房车网络,null,225.85,WiFi6,全千兆网口,5,网速很快 确实很快，下载很流畅。 商家回复：人生的旅途上，引起记忆的东西很多，但值得记忆的东西很少，只有那些真切无瑕、不染纤尘；希望与您有一次的愉快的交易。可以给亲爱的带来一丝丝的满意和甜蜜！ 更多 3天后追评：用了几天，不管是连接电脑还是手机速度都很快，办公很稳定，看视频、追剧都没有问题。,2026-06-08 17:21:27
无线猫灵5G随身wifi6无线千兆双频路由器2026新款多网通全国通用高速流量网卡电脑宽带户外直播热点房车网络,null,225.85,WiFi6,全千兆网口,5,网速很快 确实很快，下载很流畅。,2026-06-08 17:21:27
无线猫灵5G随身wifi6无线千兆双频路由器2026新款多网通全国通用高速流量网卡电脑宽带户外直播热点房车网络,null,225.85,WiFi6,全千兆网口,5,3天后追评：用了几天，不管是连接电脑还是手机速度都很快，办公很稳定，看视频、追剧都没有问题。,2026-06-08 17:21:27
无线猫灵5G随身wifi6无线千兆双频路由器2026新款多网通全国通用高速流量网卡电脑宽带户外直播热点房车网络,null,225.85,WiFi6,全千兆网口,5,挺好用的，收到就赶紧用上啦，运输过程也很 商家回复：如果一滴水代表一个祝福，我送你一个东海；如果一颗星代表一份幸福，我送你一条银河；如果一棵树代表一份思念，我送你一片森林。愿你幸福快乐每一天~ 更多,2026-06-08 17:21:27
无线猫灵5G随身wifi6无线千兆双频路由器2026新款多网通全国通用高速流量网卡电脑宽带户外直播热点房车网络,null,225.85,WiFi6,全千兆网口,5,挺好用的，收到就赶紧用上啦，运输过程也很,2026-06-08 17:21:27
无线猫灵5G随身wifi6无线千兆双频路由器2026新款多网通全国通用高速流量网卡电脑宽带户外直播热点房车网络,null,225.85,WiFi6,全千兆网口,5,"好东西 快的很。 速度稳定 好用实惠的。嗯嗯 确实很快，下载很流畅。 商家回复：谢谢亲的信任和赞美!于【无线猫灵】而言，每一份信任的背后都是一个个承诺的兑现,每一个真诚的对待都是源自于内心渴望真诚。坦诚相待是【无线猫灵】一直以来秉持的服务宗旨,心有猛虎细嗅蔷薇 更多",2026-06-08 17:21:27
无线猫灵5G随身wifi6无线千兆双频路由器2026新款多网通全国通用高速流量网卡电脑宽带户外直播热点房车网络,null,225.85,WiFi6,全千兆网口,5,好东西 快的很。 速度稳定 好用实惠的。嗯嗯 确实很快，下载很流畅。,2026-06-08 17:21:27
无线猫灵5G随身wifi6无线千兆双频路由器2026新款多网通全国通用高速流量网卡电脑宽带户外直播热点房车网络,null,225.85,WiFi6,全千兆网口,5,该用户未填写评价内容 16天后追评：很方便很好用，再也不用忍受公司的垃圾网速了，超级快，好东西就是不一样,2026-06-08 17:21:27
无线猫灵5G随身wifi6无线千兆双频路由器2026新款多网通全国通用高速流量网卡电脑宽带户外直播热点房车网络,null,225.85,WiFi6,全千兆网口,5,16天后追评：很方便很好用，再也不用忍受公司的垃圾网速了，超级快，好东西就是不一样,2026-06-08 17:21:27
无线猫灵5G随身wifi6无线千兆双频路由器2026新款多网通全国通用高速流量网卡电脑宽带户外直播热点房车网络,null,225.85,WiFi6,全千兆网口,5,50字好评（推荐文案）： “这款无线宽带路由器信号穿墙强，全屋覆盖无死角，WiFi6速度飞快，多设备同时上网不卡顿！安装简单，管理方便，稳定耐用，性价比超高，强烈推荐给追求高速稳定的家庭用户！”,2026-06-08 17:21:27
无线猫灵5G随身wifi6无线千兆双频路由器2026新款多网通全国通用高速流量网卡电脑宽带户外直播热点房车网络,null,225.85,WiFi6,全千兆网口,5,货收到了，开始马上通电使用，网络还可以，几台设备连Wi-Fi都可以,2026-06-08 17:21:27
无线猫灵5G随身wifi6无线千兆双频路由器2026新款多网通全国通用高速流量网卡电脑宽带户外直播热点房车网络,null,225.85,WiFi6,全千兆网口,5,该用户未填写评价内容 32天后追评：用了一个月，放在办公室，网速没问题，比拉宽带划算,2026-06-08 17:21:27
无线猫灵5G随身wifi6无线千兆双频路由器2026新款多网通全国通用高速流量网卡电脑宽带户外直播热点房车网络,null,225.85,WiFi6,全千兆网口,5,32天后追评：用了一个月，放在办公室，网速没问题，比拉宽带划算,2026-06-08 17:21:27
无线猫灵5G随身wifi6无线千兆双频路由器2026新款多网通全国通用高速流量网卡电脑宽带户外直播热点房车网络,null,225.85,WiFi6,全千兆网口,5,使用感受： 使用方便 ，网速快，不卡顿，多设备连接顺畅，不用月租随充随用 外观：外观漂亮 ，设计简约大气，精致小巧，便携设计加分，高端大气上档次 质量：质量很好，整体品质高水准，做工精细,2026-06-08 17:21:27
无线猫灵5G随身wifi6无线千兆双频路由器2026新款多网通全国通用高速流量网卡电脑宽带户外直播热点房车网络,null,225.85,WiFi6,全千兆网口,5,网速流畅信号稳，小巧好用性价比超高,2026-06-08 17:21:27
无线猫灵5G随身wifi6无线千兆双频路由器2026新款多网通全国通用高速流量网卡电脑宽带户外直播热点房车网络,null,225.85,WiFi6,全千兆网口,5,4天后追评：真的好用,2026-06-08 17:21:27
无线猫灵5G随身wifi6无线千兆双频路由器2026新款多网通全国通用高速流量网卡电脑宽带户外直播热点房车网络,null,225.85,WiFi6,全千兆网口,3,该用户未填写评价内容 18天后追评：用着还行 发货速度很快 包装很好 就是有时候有点不稳定 总体还行 先用着看吧,2026-06-08 17:21:27
无线猫灵5G随身wifi6无线千兆双频路由器2026新款多网通全国通用高速流量网卡电脑宽带户外直播热点房车网络,null,225.85,WiFi6,全千兆网口,3,18天后追评：用着还行 发货速度很快 包装很好 就是有时候有点不稳定 总体还行 先用着看吧,2026-06-08 17:21:27
无线猫灵5G随身wifi6无线千兆双频路由器2026新款多网通全国通用高速流量网卡电脑宽带户外直播热点房车网络,null,225.85,WiFi6,全千兆网口,5,发货速度很快，操作简单，网速也很快 4天后追评：追剧游戏，完全够用了，网速足够快 商家回复：很高兴宝贝能让您喜欢，好心情是跳动的音符，让你如沐春风。好心情是明媚的阳光，让你活力四射。好心情是起舞的蝴蝶，让你悠然自得。好心情是清香的绿茶，让你心旷神怡。愿无线猫灵的宝贝与您共度开心每一天！ 更多,2026-06-08 17:21:27
无线猫灵5G随身wifi6无线千兆双频路由器2026新款多网通全国通用高速流量网卡电脑宽带户外直播热点房车网络,null,225.85,WiFi6,全千兆网口,5,发货速度很快，操作简单，网速也很快,2026-06-08 17:21:27
无线猫灵5G随身wifi6无线千兆双频路由器2026新款多网通全国通用高速流量网卡电脑宽带户外直播热点房车网络,null,225.85,WiFi6,全千兆网口,5,4天后追评：追剧游戏，完全够用了，网速足够快,2026-06-08 17:21:27
无线猫灵5G随身wifi6无线千兆双频路由器2026新款多网通全国通用高速流量网卡电脑宽带户外直播热点房车网络,null,225.85,WiFi6,全千兆网口,5,这个可以，信号满格稳定，值得入手，网速够快,2026-06-08 17:21:27
无线猫灵5G随身wifi6无线千兆双频路由器2026新款多网通全国通用高速流量网卡电脑宽带户外直播热点房车网络,null,225.85,WiFi6,全千兆网口,1,这个Wi-Fi设备是我用的最好的设备了，网速一点不卡。今晚房间网络不好也能正常使用，网速挺快的。安利给大家嘻嘻嘻 商家回复：确认过眼神，遇上对的人。每天最开心的事莫过于看到亲使用满意，亲的满意就像是清泉一样滋润我们的心田，我们会更加的珍惜，不断的改进与完善，力求服务做得更好 更多,2026-06-08 17:21:27
无线猫灵5G随身wifi6无线千兆双频路由器2026新款多网通全国通用高速流量网卡电脑宽带户外直播热点房车网络,null,225.85,WiFi6,全千兆网口,1,这个Wi-Fi设备是我用的最好的设备了，网速一点不卡。今晚房间网络不好也能正常使用，网速挺快的。安利给大家嘻嘻嘻,2026-06-08 17:21:27
无线猫灵5G随身wifi6无线千兆双频路由器2026新款多网通全国通用高速流量网卡电脑宽带户外直播热点房车网络,null,225.85,WiFi6,全千兆网口,3,蓓**妈 2026年4月7日已购：5G千兆无线路由器 展锐芯片【游戏/直播影视版】多网通 / 500G/月*1个月 0 0 这款信号更好值得推荐,2026-06-08 17:21:27
无线猫灵5G随身wifi6无线千兆双频路由器2026新款多网通全国通用高速流量网卡电脑宽带户外直播热点房车网络,null,225.85,WiFi6,全千兆网口,3,g**g 2026年4月4日已购：5G千兆无线路由器 展锐芯片【游戏/直播影视版】多网通 / 100G/月*1个月 0 0 感觉不错，高端大气上档次。 商家回复：人生的旅途上，引起记忆的东西很多，但值得记忆的东西很少，只有那些真切无瑕、不染纤尘；希望与您有一次的愉快的交易。可以给亲爱的带来一丝丝的满意和甜蜜！ 更多,2026-06-08 17:21:27
无线猫灵5G随身wifi6无线千兆双频路由器2026新款多网通全国通用高速流量网卡电脑宽带户外直播热点房车网络,null,225.85,WiFi6,全千兆网口,3,"大**森 2026年4月14日已购：5G千兆无线路由器【租房个人用网版】双网通 / 100G/月*1个月 0 0 目前看起来外观很好看，等用了后再来追评 商家回复：谢谢亲的信任和赞美!于【无线猫灵】而言，每一份信任的背后都是一个个承诺的兑现,每一个真诚的对待都是源自于内心渴望真诚。坦诚相待是【无线猫灵】一直以来秉持的服务宗旨,心有猛虎细嗅蔷薇 更多",2026-06-08 17:21:27
无线猫灵5G随身wifi6无线千兆双频路由器2026新款多网通全国通用高速流量网卡电脑宽带户外直播热点房车网络,null,225.85,WiFi6,全千兆网口,3,式*** 2026年4月30日已购：5G千兆无线路由器 展锐芯片【游戏/直播影视版】多网通 / 100G/月*1个月 0 0 网速疾快，值得推荐 商家回复：很高兴宝贝能让您喜欢，好心情是跳动的音符，让你如沐春风。好心情是明媚的阳光，让你活力四射。好心情是起舞的蝴蝶，让你悠然自得。好心情是清香的绿茶，让你心旷神怡。愿无线猫灵的宝贝与您共度开心每一天！ 更多,2026-06-08 17:21:27
无线猫灵5G随身wifi6无线千兆双频路由器2026新款多网通全国通用高速流量网卡电脑宽带户外直播热点房车网络,null,225.85,WiFi6,全千兆网口,3,大**手 2026年4月13日已购：5G千兆无线路由器【租房个人用网版】双网通 / 100G/月*1个月 0 0 用了几天，信号一直很稳。 好评 推荐 商家回复：金杯银杯，不如老百姓的口碑，千言万语也抵不过您在百忙中的一句好评，看到了您对我们的肯定和支持，万分感谢，衷心地期待能为更多的您带来更多的健康和快乐呢，亲，要记着时常来看看咱们喔！ 更多,2026-06-08 17:21:27
无线猫灵5G随身wifi6无线千兆双频路由器2026新款多网通全国通用高速流量网卡电脑宽带户外直播热点房车网络,null,225.85,WiFi6,全千兆网口,3,t**5 2026年3月28日已购：5G千兆无线路由器 展锐芯片【游戏/直播影视版】多网通 / 1500G/月*1个月 0 0 非常好用，网速很快很满意，终于可以畅快上网了 当天追评：非常好用，先试几天看看，目前效果很好,2026-06-08 17:21:27
无线猫灵5G随身wifi6无线千兆双频路由器2026新款多网通全国通用高速流量网卡电脑宽带户外直播热点房车网络,null,225.85,WiFi6,全千兆网口,3,威**尔 2026年4月7日已购：5G千兆无线路由器 展锐芯片【游戏/直播影视版】多网通 / 500G/月*1个月 0 0 用的确实很好速度超快，很完美，点个赞,2026-06-08 17:21:27
无线猫灵5G随身wifi6无线千兆双频路由器2026新款多网通全国通用高速流量网卡电脑宽带户外直播热点房车网络,null,225.85,WiFi6,全千兆网口,3,匿名买家 2026年5月6日已购：5G千兆无线路由器 展锐芯片【游戏/直播影视版】多网通 / 1500G/月*1个月 0 0 特意用了两天，整体来说非常满意。 商家回复：金杯银杯，不如老百姓的口碑，千言万语也抵不过您在百忙中的一句好评，看到了您对我们的肯定和支持，万分感谢，衷心地期待能为更多的您带来更多的健康和快乐呢，亲，要记着时常来看看咱们喔！ 更多,2026-06-08 17:21:27
无线猫灵5G随身wifi6无线千兆双频路由器2026新款多网通全国通用高速流量网卡电脑宽带户外直播热点房车网络,null,225.85,WiFi6,全千兆网口,3,一**翔 2026年4月1日已购：5G千兆无线路由器 展锐芯片【游戏/直播影视版】多网通 / 100G/月*1个月 0 0 千兆网口传输超顺，5G信号稳，多人连网也不卡,2026-06-08 17:21:27
无线猫灵5G随身wifi6无线千兆双频路由器2026新款多网通全国通用高速流量网卡电脑宽带户外直播热点房车网络,null,225.85,WiFi6,全千兆网口,3,"青**古 2026年3月19日已购：5G千兆无线路由器 展锐芯片【游戏/直播影视版】多网通 / 100G/月*1个月 0 0 非常好，已经多次购买了，信号也非常好 商家回复：谢谢亲的信任和赞美!于【无线猫灵】而言，每一份信任的背后都是一个个承诺的兑现,每一个真诚的对待都是源自于内心渴望真诚。坦诚相待是【无线猫灵】一直以来秉持的服务宗旨,心有猛虎细嗅蔷薇 更多",2026-06-08 17:21:27
无线猫灵5G随身wifi6无线千兆双频路由器2026新款多网通全国通用高速流量网卡电脑宽带户外直播热点房车网络,null,225.85,WiFi6,全千兆网口,3,匿名买家 2026年2月28日已购：5G千兆无线路由器【租房个人用网版】双网通 / 100G/月*1个月 0 0 超级棒，感觉外观质量非常不错，应该会挺好用的,2026-06-08 17:21:27
无线猫灵5G随身wifi6无线千兆双频路由器2026新款多网通全国通用高速流量网卡电脑宽带户外直播热点房车网络,null,225.85,WiFi6,全千兆网口,3,匿名买家 2026年4月20日已购：5G千兆无线路由器【租房个人用网版】双网通 / 100G/月*1个月 0 0 该用户未填写评价内容 23天后追评：机器看着还不错，可以购买 商家回复：如果一滴水代表一个祝福，我送你一个东海；如果一颗星代表一份幸福，我送你一条银河；如果一棵树代表一份思念，我送你一片森林。愿你幸福快乐每一天~ 更多,2026-06-08 17:21:27
无线猫灵5G随身wifi6无线千兆双频路由器2026新款多网通全国通用高速流量网卡电脑宽带户外直播热点房车网络,null,225.85,WiFi6,全千兆网口,3,速度很快，网速也很稳定，办公，看视频都很流畅。,2026-06-08 17:21:27
无线猫灵5G随身wifi6无线千兆双频路由器2026新款多网通全国通用高速流量网卡电脑宽带户外直播热点房车网络,null,225.85,WiFi6,全千兆网口,3,1天后追评：用了一周，效果非常好，一点不比拉线的差。,2026-06-08 17:21:27
无线猫灵5G随身wifi6无线千兆双频路由器2026新款多网通全国通用高速流量网卡电脑宽带户外直播热点房车网络,null,225.85,WiFi6,全千兆网口,3,这款信号更好值得推荐,2026-06-08 17:21:27
无线猫灵5G随身wifi6无线千兆双频路由器2026新款多网通全国通用高速流量网卡电脑宽带户外直播热点房车网络,null,225.85,WiFi6,全千兆网口,3,我这个办公小区宽带垄断，用这个性价比太高了，目前人数不多，确实不卡 商家回复：人生是一幅風景，愛情是一束鮮花。沒有鮮花，風景就不會絢麗，沒有愛情，人生就容易成為荒涼的土地。而若沒有親們的支持，无线猫灵旗舰店也不會那麼快速的成長、感恩、有親們真好！---【无线猫灵旗舰店】 更多,2026-06-08 17:21:27
无线猫灵5G随身wifi6无线千兆双频路由器2026新款多网通全国通用高速流量网卡电脑宽带户外直播热点房车网络,null,225.85,WiFi6,全千兆网口,3,我这个办公小区宽带垄断，用这个性价比太高了，目前人数不多，确实不卡,2026-06-08 17:21:27
无线猫灵5G随身wifi6无线千兆双频路由器2026新款多网通全国通用高速流量网卡电脑宽带户外直播热点房车网络,null,225.85,WiFi6,全千兆网口,3,好用的，已经开始使用了，省事省钱,2026-06-08 17:21:27
无线猫灵5G随身wifi6无线千兆双频路由器2026新款多网通全国通用高速流量网卡电脑宽带户外直播热点房车网络,null,225.85,WiFi6,全千兆网口,3,感觉不错，高端大气上档次。 商家回复：人生的旅途上，引起记忆的东西很多，但值得记忆的东西很少，只有那些真切无瑕、不染纤尘；希望与您有一次的愉快的交易。可以给亲爱的带来一丝丝的满意和甜蜜！ 更多,2026-06-08 17:21:27
无线猫灵5G随身wifi6无线千兆双频路由器2026新款多网通全国通用高速流量网卡电脑宽带户外直播热点房车网络,null,225.85,WiFi6,全千兆网口,3,感觉不错，高端大气上档次。,2026-06-08 17:21:27
无线猫灵5G随身wifi6无线千兆双频路由器2026新款多网通全国通用高速流量网卡电脑宽带户外直播热点房车网络,null,225.85,WiFi6,全千兆网口,3,网速很好 外观材质：很美观大方 传输效果：很好,2026-06-08 17:21:27
无线猫灵5G随身wifi6无线千兆双频路由器2026新款多网通全国通用高速流量网卡电脑宽带户外直播热点房车网络,null,225.85,WiFi6,全千兆网口,3,"目前看起来外观很好看，等用了后再来追评 商家回复：谢谢亲的信任和赞美!于【无线猫灵】而言，每一份信任的背后都是一个个承诺的兑现,每一个真诚的对待都是源自于内心渴望真诚。坦诚相待是【无线猫灵】一直以来秉持的服务宗旨,心有猛虎细嗅蔷薇 更多",2026-06-08 17:21:27
无线猫灵5G随身wifi6无线千兆双频路由器2026新款多网通全国通用高速流量网卡电脑宽带户外直播热点房车网络,null,225.85,WiFi6,全千兆网口,3,目前看起来外观很好看，等用了后再来追评,2026-06-08 17:21:27
无线猫灵5G随身wifi6无线千兆双频路由器2026新款多网通全国通用高速流量网卡电脑宽带户外直播热点房车网络,null,225.85,WiFi6,全千兆网口,3,网速疾快，值得推荐 商家回复：很高兴宝贝能让您喜欢，好心情是跳动的音符，让你如沐春风。好心情是明媚的阳光，让你活力四射。好心情是起舞的蝴蝶，让你悠然自得。好心情是清香的绿茶，让你心旷神怡。愿无线猫灵的宝贝与您共度开心每一天！ 更多,2026-06-08 17:21:27
无线猫灵5G随身wifi6无线千兆双频路由器2026新款多网通全国通用高速流量网卡电脑宽带户外直播热点房车网络,null,225.85,WiFi6,全千兆网口,3,网速疾快，值得推荐,2026-06-08 17:21:27
无线猫灵5G随身wifi6无线千兆双频路由器2026新款多网通全国通用高速流量网卡电脑宽带户外直播热点房车网络,null,225.85,WiFi6,全千兆网口,3,用了几天，信号一直很稳。 好评 推荐 商家回复：金杯银杯，不如老百姓的口碑，千言万语也抵不过您在百忙中的一句好评，看到了您对我们的肯定和支持，万分感谢，衷心地期待能为更多的您带来更多的健康和快乐呢，亲，要记着时常来看看咱们喔！ 更多,2026-06-08 17:21:27
无线猫灵5G随身wifi6无线千兆双频路由器2026新款多网通全国通用高速流量网卡电脑宽带户外直播热点房车网络,null,225.85,WiFi6,全千兆网口,3,用了几天，信号一直很稳。 好评 推荐,2026-06-08 17:21:27
无线猫灵5G随身wifi6无线千兆双频路由器2026新款多网通全国通用高速流量网卡电脑宽带户外直播热点房车网络,null,225.85,WiFi6,全千兆网口,3,非常好用，网速很快很满意，终于可以畅快上网了 当天追评：非常好用，先试几天看看，目前效果很好,2026-06-08 17:21:27
无线猫灵5G随身wifi6无线千兆双频路由器2026新款多网通全国通用高速流量网卡电脑宽带户外直播热点房车网络,null,225.85,WiFi6,全千兆网口,3,非常好用，网速很快很满意，终于可以畅快上网了,2026-06-08 17:21:27
无线猫灵5G随身wifi6无线千兆双频路由器2026新款多网通全国通用高速流量网卡电脑宽带户外直播热点房车网络,null,225.85,WiFi6,全千兆网口,3,当天追评：非常好用，先试几天看看，目前效果很好,2026-06-08 17:21:27
无线猫灵5G随身wifi6无线千兆双频路由器2026新款多网通全国通用高速流量网卡电脑宽带户外直播热点房车网络,null,225.85,WiFi6,全千兆网口,3,用的确实很好速度超快，很完美，点个赞,2026-06-08 17:21:27
无线猫灵5G随身wifi6无线千兆双频路由器2026新款多网通全国通用高速流量网卡电脑宽带户外直播热点房车网络,null,225.85,WiFi6,全千兆网口,3,特意用了两天，整体来说非常满意。 商家回复：金杯银杯，不如老百姓的口碑，千言万语也抵不过您在百忙中的一句好评，看到了您对我们的肯定和支持，万分感谢，衷心地期待能为更多的您带来更多的健康和快乐呢，亲，要记着时常来看看咱们喔！ 更多,2026-06-08 17:21:27
无线猫灵5G随身wifi6无线千兆双频路由器2026新款多网通全国通用高速流量网卡电脑宽带户外直播热点房车网络,null,225.85,WiFi6,全千兆网口,3,特意用了两天，整体来说非常满意。,2026-06-08 17:21:27
无线猫灵5G随身wifi6无线千兆双频路由器2026新款多网通全国通用高速流量网卡电脑宽带户外直播热点房车网络,null,225.85,WiFi6,全千兆网口,3,千兆网口传输超顺，5G信号稳，多人连网也不卡,2026-06-08 17:21:27
无线猫灵5G随身wifi6无线千兆双频路由器2026新款多网通全国通用高速流量网卡电脑宽带户外直播热点房车网络,null,225.85,WiFi6,全千兆网口,3,"非常好，已经多次购买了，信号也非常好 商家回复：谢谢亲的信任和赞美!于【无线猫灵】而言，每一份信任的背后都是一个个承诺的兑现,每一个真诚的对待都是源自于内心渴望真诚。坦诚相待是【无线猫灵】一直以来秉持的服务宗旨,心有猛虎细嗅蔷薇 更多",2026-06-08 17:21:27
无线猫灵5G随身wifi6无线千兆双频路由器2026新款多网通全国通用高速流量网卡电脑宽带户外直播热点房车网络,null,225.85,WiFi6,全千兆网口,3,非常好，已经多次购买了，信号也非常好,2026-06-08 17:21:27
无线猫灵5G随身wifi6无线千兆双频路由器2026新款多网通全国通用高速流量网卡电脑宽带户外直播热点房车网络,null,225.85,WiFi6,全千兆网口,3,超级棒，感觉外观质量非常不错，应该会挺好用的,2026-06-08 17:21:27
无线猫灵5G随身wifi6无线千兆双频路由器2026新款多网通全国通用高速流量网卡电脑宽带户外直播热点房车网络,null,225.85,WiFi6,全千兆网口,3,"还行，网速有时候可以到100兆 商家回复：好的产品也需要遇到能够欣赏并且懂的它的美的主人我想,它一定遇上了!您在咱家选择的这款随身wifi,免插卡免驱动,流量满足您的日常需求。愿我们的产品可以陪着亲爱的去任何一个地方。愿亲爱的一年365天，天天快乐。一年12个月，月月开心! ----【无线猫灵旗舰店】 更多",2026-06-08 17:21:27
无线猫灵5G随身wifi6无线千兆双频路由器2026新款多网通全国通用高速流量网卡电脑宽带户外直播热点房车网络,null,225.85,WiFi6,全千兆网口,3,还行，网速有时候可以到100兆,2026-06-08 17:21:27
无线猫灵5G随身wifi6无线千兆双频路由器2026新款多网通全国通用高速流量网卡电脑宽带户外直播热点房车网络,null,225.85,WiFi6,全千兆网口,3,该用户未填写评价内容 23天后追评：机器看着还不错，可以购买 商家回复：如果一滴水代表一个祝福，我送你一个东海；如果一颗星代表一份幸福，我送你一条银河；如果一棵树代表一份思念，我送你一片森林。愿你幸福快乐每一天~ 更多,2026-06-08 17:21:27
无线猫灵5G随身wifi6无线千兆双频路由器2026新款多网通全国通用高速流量网卡电脑宽带户外直播热点房车网络,null,225.85,WiFi6,全千兆网口,3,23天后追评：机器看着还不错，可以购买,2026-06-08 17:21:27
无线猫灵5G随身wifi6无线千兆双频路由器2026新款多网通全国通用高速流量网卡电脑宽带户外直播热点房车网络,null,225.85,WiFi6,全千兆网口,1,势**数 2026年4月2日已购：5G千兆无线路由器【租房个人用网版】双网通 / 100G/月*1个月 0 0 移动信号强时，速度还是挺快的。,2026-06-08 17:21:27
无线猫灵5G随身wifi6无线千兆双频路由器2026新款多网通全国通用高速流量网卡电脑宽带户外直播热点房车网络,null,225.85,WiFi6,全千兆网口,1,耿**s 2026年3月12日已购：5G千兆无线路由器 展锐芯片【游戏/直播影视版】多网通 / 100G/月*1个月 0 0 该用户未填写评价内容 21天后追评：用了快一个月，才来追评，我想我有发言权。网速真的快，真的稳定！想买的闭眼买就得了！,2026-06-08 17:21:27
无线猫灵5G随身wifi6无线千兆双频路由器2026新款多网通全国通用高速流量网卡电脑宽带户外直播热点房车网络,null,225.85,WiFi6,全千兆网口,1,t**f 2026年2月12日已购：5G千兆无线路由器 展锐芯片【办公/商业高配版】多网通 / 1500G/月*1个月 0 1 整体评价：非常好 外观材质：非常硬，耐摔 覆盖区域：覆盖广 传输效果：很好，网络稳定 连接速度：很快，网速很快 值得购买,2026-06-08 17:21:27
无线猫灵5G随身wifi6无线千兆双频路由器2026新款多网通全国通用高速流量网卡电脑宽带户外直播热点房车网络,null,225.85,WiFi6,全千兆网口,1,老*** 2026年2月16日已购：5G千兆无线路由器【租房个人用网版】双网通 / 100G/月*1个月 0 0 东西不错做工精细！！网速也很给力！！期待后续使用结果 当天追评：确实不错 刚测试了一下网速 比单位的网强多了！！！！再也不用一堆人抢10M的网速了！！！,2026-06-08 17:21:27
无线猫灵5G随身wifi6无线千兆双频路由器2026新款多网通全国通用高速流量网卡电脑宽带户外直播热点房车网络,null,225.85,WiFi6,全千兆网口,1,z**1 2026年3月4日已购：5G千兆无线路由器 展锐芯片【办公/商业高配版】多网通 / 1500G/月*1个月 0 0 非常好用，比想像当中还要快很多，网速超快！ 商家回复：人生的旅途上，引起记忆的东西很多，但值得记忆的东西很少，只有那些真切无瑕、不染纤尘；希望与您有一次的愉快的交易。可以给亲爱的带来一丝丝的满意和甜蜜！ 更多,2026-06-08 17:21:27
无线猫灵5G随身wifi6无线千兆双频路由器2026新款多网通全国通用高速流量网卡电脑宽带户外直播热点房车网络,null,225.85,WiFi6,全千兆网口,1,李**哦 2026年5月17日已购：5G千兆无线路由器【租房个人用网版】双网通 / 100G/月*1个月 0 0 该用户未填写评价内容 26天后追评：好用，非常不错哦，值得推荐！,2026-06-08 17:21:27
无线猫灵5G随身wifi6无线千兆双频路由器2026新款多网通全国通用高速流量网卡电脑宽带户外直播热点房车网络,null,225.85,WiFi6,全千兆网口,1,"醉**5 2026年4月12日已购：5G千兆无线路由器【家庭多人用网版】双网通 / 100G/月*1个月 0 0 目前用，网速确实很快 商家回复：谢谢亲的信任和赞美!于【无线猫灵】而言，每一份信任的背后都是一个个承诺的兑现,每一个真诚的对待都是源自于内心渴望真诚。坦诚相待是【无线猫灵】一直以来秉持的服务宗旨,心有猛虎细嗅蔷薇 更多",2026-06-08 17:21:27
无线猫灵5G随身wifi6无线千兆双频路由器2026新款多网通全国通用高速流量网卡电脑宽带户外直播热点房车网络,null,225.85,WiFi6,全千兆网口,1,匿名买家 2026年5月7日已购：5G千兆无线路由器【租房个人用网版】双网通 / 100G/月*1个月 0 0 该用户未填写评价内容 30天后追评：深圳城中村用的，网还不错，续两年看看,2026-06-08 17:21:27
无线猫灵5G随身wifi6无线千兆双频路由器2026新款多网通全国通用高速流量网卡电脑宽带户外直播热点房车网络,null,225.85,WiFi6,全千兆网口,1,一**四 2026年2月21日已购：5G千兆无线路由器【家庭多人用网版】双网通 / 100G/月*1个月 0 0 目前网速挺快的，使用下来只有一点卡顿，可能是因为过年在老家信号不好,2026-06-08 17:21:27
无线猫灵5G随身wifi6无线千兆双频路由器2026新款多网通全国通用高速流量网卡电脑宽带户外直播热点房车网络,null,225.85,WiFi6,全千兆网口,1,T**3 2026年3月13日已购：5G千兆无线路由器【租房个人用网版】双网通 / 100G/月*1个月 0 0 买的时候说的老好了，网络很流畅，一拿到手上就连不上了,2026-06-08 17:21:27
无线猫灵5G随身wifi6无线千兆双频路由器2026新款多网通全国通用高速流量网卡电脑宽带户外直播热点房车网络,null,225.85,WiFi6,全千兆网口,1,好 很好 非常的好 整体评价： 整体评价： 外观材质： 覆盖区域： 传输效果： 连接速度： 商家回复：遇到梦中人之前，上天也许会安排我们先遇到别的人；在我们终于遇见心仪的人时，便应当心存感激。在这样适合的缘分里，刚巧我们就这样遇见了。记得常回来看看哈！ 更多,2026-06-08 17:21:27
无线猫灵5G随身wifi6无线千兆双频路由器2026新款多网通全国通用高速流量网卡电脑宽带户外直播热点房车网络,null,225.85,WiFi6,全千兆网口,1,好 很好 非常的好 整体评价： 整体评价： 外观材质： 覆盖区域： 传输效果： 连接速度：,2026-06-08 17:21:27
无线猫灵5G随身wifi6无线千兆双频路由器2026新款多网通全国通用高速流量网卡电脑宽带户外直播热点房车网络,null,225.85,WiFi6,全千兆网口,1,"5G路由器很好，安装简单。网速也很快。 商家回复：好的产品也需要遇到能够欣赏并且懂的它的美的主人我想,它一定遇上了!您在咱家选择的这款随身wifi,免插卡免驱动,流量满足您的日常需求。愿我们的产品可以陪着亲爱的去任何一个地方。愿亲爱的一年365天，天天快乐。一年12个月，月月开心! ----【无线猫灵旗舰店】 更多",2026-06-08 17:21:27
无线猫灵5G随身wifi6无线千兆双频路由器2026新款多网通全国通用高速流量网卡电脑宽带户外直播热点房车网络,null,225.85,WiFi6,全千兆网口,1,5G路由器很好，安装简单。网速也很快。,2026-06-08 17:21:27
无线猫灵5G随身wifi6无线千兆双频路由器2026新款多网通全国通用高速流量网卡电脑宽带户外直播热点房车网络,null,225.85,WiFi6,全千兆网口,1,流量多速度快，适合商用 范围特别大 推荐使用,2026-06-08 17:21:27
无线猫灵5G随身wifi6无线千兆双频路由器2026新款多网通全国通用高速流量网卡电脑宽带户外直播热点房车网络,null,225.85,WiFi6,全千兆网口,1,1天后追评：非常不错,2026-06-08 17:21:27
无线猫灵5G随身wifi6无线千兆双频路由器2026新款多网通全国通用高速流量网卡电脑宽带户外直播热点房车网络,null,225.85,WiFi6,全千兆网口,1,移动信号强时，速度还是挺快的。,2026-06-08 17:21:27
无线猫灵5G随身wifi6无线千兆双频路由器2026新款多网通全国通用高速流量网卡电脑宽带户外直播热点房车网络,null,225.85,WiFi6,全千兆网口,1,该用户未填写评价内容 21天后追评：用了快一个月，才来追评，我想我有发言权。网速真的快，真的稳定！想买的闭眼买就得了！,2026-06-08 17:21:27
无线猫灵5G随身wifi6无线千兆双频路由器2026新款多网通全国通用高速流量网卡电脑宽带户外直播热点房车网络,null,225.85,WiFi6,全千兆网口,1,21天后追评：用了快一个月，才来追评，我想我有发言权。网速真的快，真的稳定！想买的闭眼买就得了！,2026-06-08 17:21:27
无线猫灵5G随身wifi6无线千兆双频路由器2026新款多网通全国通用高速流量网卡电脑宽带户外直播热点房车网络,null,225.85,WiFi6,全千兆网口,1,整体评价：非常好 外观材质：非常硬，耐摔 覆盖区域：覆盖广 传输效果：很好，网络稳定 连接速度：很快，网速很快 值得购买,2026-06-08 17:21:27
无线猫灵5G随身wifi6无线千兆双频路由器2026新款多网通全国通用高速流量网卡电脑宽带户外直播热点房车网络,null,225.85,WiFi6,全千兆网口,1,东西不错做工精细！！网速也很给力！！期待后续使用结果 当天追评：确实不错 刚测试了一下网速 比单位的网强多了！！！！再也不用一堆人抢10M的网速了！！！,2026-06-08 17:21:27
无线猫灵5G随身wifi6无线千兆双频路由器2026新款多网通全国通用高速流量网卡电脑宽带户外直播热点房车网络,null,225.85,WiFi6,全千兆网口,1,东西不错做工精细！！网速也很给力！！期待后续使用结果,2026-06-08 17:21:27
无线猫灵5G随身wifi6无线千兆双频路由器2026新款多网通全国通用高速流量网卡电脑宽带户外直播热点房车网络,null,225.85,WiFi6,全千兆网口,1,当天追评：确实不错 刚测试了一下网速 比单位的网强多了！！！！再也不用一堆人抢10M的网速了！！！,2026-06-08 17:21:27
无线猫灵5G随身wifi6无线千兆双频路由器2026新款多网通全国通用高速流量网卡电脑宽带户外直播热点房车网络,null,225.85,WiFi6,全千兆网口,1,非常好用，比想像当中还要快很多，网速超快！ 商家回复：人生的旅途上，引起记忆的东西很多，但值得记忆的东西很少，只有那些真切无瑕、不染纤尘；希望与您有一次的愉快的交易。可以给亲爱的带来一丝丝的满意和甜蜜！ 更多,2026-06-08 17:21:27
无线猫灵5G随身wifi6无线千兆双频路由器2026新款多网通全国通用高速流量网卡电脑宽带户外直播热点房车网络,null,225.85,WiFi6,全千兆网口,1,非常好用，比想像当中还要快很多，网速超快！,2026-06-08 17:21:27
无线猫灵5G随身wifi6无线千兆双频路由器2026新款多网通全国通用高速流量网卡电脑宽带户外直播热点房车网络,null,225.85,WiFi6,全千兆网口,1,信号稳定，连接很方便,2026-06-08 17:21:27
无线猫灵5G随身wifi6无线千兆双频路由器2026新款多网通全国通用高速流量网卡电脑宽带户外直播热点房车网络,null,225.85,WiFi6,全千兆网口,1,当天追评：并且网络速度还可以不会断开,2026-06-08 17:21:27
无线猫灵5G随身wifi6无线千兆双频路由器2026新款多网通全国通用高速流量网卡电脑宽带户外直播热点房车网络,null,225.85,WiFi6,全千兆网口,1,该用户未填写评价内容 26天后追评：好用，非常不错哦，值得推荐！,2026-06-08 17:21:27
无线猫灵5G随身wifi6无线千兆双频路由器2026新款多网通全国通用高速流量网卡电脑宽带户外直播热点房车网络,null,225.85,WiFi6,全千兆网口,1,26天后追评：好用，非常不错哦，值得推荐！,2026-06-08 17:21:27
无线猫灵5G随身wifi6无线千兆双频路由器2026新款多网通全国通用高速流量网卡电脑宽带户外直播热点房车网络,null,225.85,WiFi6,全千兆网口,1,"目前用，网速确实很快 商家回复：谢谢亲的信任和赞美!于【无线猫灵】而言，每一份信任的背后都是一个个承诺的兑现,每一个真诚的对待都是源自于内心渴望真诚。坦诚相待是【无线猫灵】一直以来秉持的服务宗旨,心有猛虎细嗅蔷薇 更多",2026-06-08 17:21:27
无线猫灵5G随身wifi6无线千兆双频路由器2026新款多网通全国通用高速流量网卡电脑宽带户外直播热点房车网络,null,225.85,WiFi6,全千兆网口,1,目前用，网速确实很快,2026-06-08 17:21:27
无线猫灵5G随身wifi6无线千兆双频路由器2026新款多网通全国通用高速流量网卡电脑宽带户外直播热点房车网络,null,225.85,WiFi6,全千兆网口,1,该用户未填写评价内容 30天后追评：深圳城中村用的，网还不错，续两年看看,2026-06-08 17:21:27
无线猫灵5G随身wifi6无线千兆双频路由器2026新款多网通全国通用高速流量网卡电脑宽带户外直播热点房车网络,null,225.85,WiFi6,全千兆网口,1,30天后追评：深圳城中村用的，网还不错，续两年看看,2026-06-08 17:21:27
无线猫灵5G随身wifi6无线千兆双频路由器2026新款多网通全国通用高速流量网卡电脑宽带户外直播热点房车网络,null,225.85,WiFi6,全千兆网口,1,目前网速挺快的，使用下来只有一点卡顿，可能是因为过年在老家信号不好,2026-06-08 17:21:27
无线猫灵5G随身wifi6无线千兆双频路由器2026新款多网通全国通用高速流量网卡电脑宽带户外直播热点房车网络,null,225.85,WiFi6,全千兆网口,1,好用 速度很快 但要小心开始的流量是直接用呢自己的 7天免费是要评论领取的 商家回复：遇到梦中人之前，上天也许会安排我们先遇到别的人；在我们终于遇见心仪的人时，便应当心存感激。在这样适合的缘分里，刚巧我们就这样遇见了。记得常回来看看哈！ 更多,2026-06-08 17:21:27
无线猫灵5G随身wifi6无线千兆双频路由器2026新款多网通全国通用高速流量网卡电脑宽带户外直播热点房车网络,null,225.85,WiFi6,全千兆网口,1,好用 速度很快 但要小心开始的流量是直接用呢自己的 7天免费是要评论领取的,2026-06-08 17:21:27
无线猫灵5G随身wifi6无线千兆双频路由器2026新款多网通全国通用高速流量网卡电脑宽带户外直播热点房车网络,null,225.85,WiFi6,全千兆网口,1,买的时候说的老好了，网络很流畅，一拿到手上就连不上了,2026-06-08 17:21:27
